,Unnamed: 0,prov_id,kode_rs,nama_unit,alamat,nama_prov,jenis_faskes,lat,lng
0,2,12,1277011,RS Umum Daerah Padang Sidempuan,"Jl Dr. F.L. Tobing No. 10,Padangsidimpuan",SUMATERA UTARA,Rumah Sakit,1.419353,99.185211
1,3,12,1276040,RS Tk IV 01.07.02 Binjai,Jl. Bandung No.4 Binjai,SUMATERA UTARA,Rumah Sakit,3.699319,98.507103
2,11,12,1275794,RS Umum Haji Medan,Jl RS Haji Medan Estate,SUMATERA UTARA,Rumah Sakit,3.57855,98.688805
3,20,12,1275655,RSUP H. Adam Malik,"Jl Bunga Lau No. 17, Medan",SUMATERA UTARA,Rumah Sakit,3.5189,98.610298
4,22,12,1275633,RS Umum Martha Friska,"Jl KL. Yos Sudarso Km.6 No. 91,Medan",SUMATERA UTARA,Rumah Sakit,3.683069,98.66532099999999
5,23,12,1275622,RS Umum Imelda Pekerja Indonesia,"Jl Bilal No.24 Pulo Brayan Darat I,Medan",SUMATERA UTARA,Rumah Sakit,3.62275,98.683945
6,24,12,1275600,RS Umum Prima Husada Cipta Medan,"Jl Stasiun No.92, Belawan Medan",SUMATERA UTARA,Rumah Sakit,3.772269,98.681465
7,25,12,1275590,RS Umum Bhakti,Jl HM Joni No.64 Medan,SUMATERA UTARA,Rumah Sakit,3.568767,98.697014
8,30,12,1275276,RS Umum Vina Estetica,Jl Sultan Iskandar Muda No.119,SUMATERA UTARA,Rumah Sakit,3.5870610000000003,98.661293
9,33,12,1275221,RS Jiwa Prof. Dr. Muhammad Ildrem,Jl Let. Jend. Jamin Ginting S Km. 10/ Jl. Tali Air No. 21 Kel. Mangga Kec. Medan Tuntungan,SUMATERA UTARA,Rumah Sakit,3.585222,98.675575
10,35,12,1275196,RS Umum Sari Mutiara,"Jl Kapten Muslim 79, Medan",SUMATERA UTARA,Rumah Sakit,3.597981,98.644745
11,37,12,1275152,RS Umum Lanu Dr. Abd. Malik,"Jl. Imam Bonjol No.50,Medan",SUMATERA UTARA,Rumah Sakit,3.579528,98.67675
12,41,12,1275126,RS Umum Methodist,"Jl M. H. Thamrin No. 105, Medan",SUMATERA UTARA,Rumah Sakit,3.583789,98.692902
13,46,12,1275046,RS Bhayangkara Medan,"Jl KH Wahid Hasyim No.1, Medan",SUMATERA UTARA,Rumah Sakit,3.5726,98.658501
14,47,12,1275035,RS Tk. II Putri Hijau Medan,"Jl Putri Hijau No. 17, Medan",SUMATERA UTARA,Rumah Sakit,3.595758,98.675636
15,48,12,1275013,RS Umum Daerah Dr. Pirngadi,"Jl Prof H M Yamin SH No. 47, Medan",SUMATERA UTARA,Rumah Sakit,3.598119,98.6884
16,51,12,1274012,RS Umum Daerah Dr. H. Kumpulan Pane,Jl Dr. Kumpulan Pane No.226,SUMATERA UTARA,Rumah Sakit,3.3194440000000003,99.152222
17,52,12,1273102,RS Umum Horas Insani,"Jl. Medan Km.2,5 Pematang Siantar",SUMATERA UTARA,Rumah Sakit,2.98615,99.08036
18,54,12,1273055,RS Umum Vita Insani,"Jl. Merdeka No.329, Pematang Siantar",SUMATERA UTARA,Rumah Sakit,2.9616830000000003,99.07093
19,57,12,1273011,RS Umum Daerah Dr. Djasamen Saragih,"Jl Sutomo No. 230, Pematangsiantar",SUMATERA UTARA,Rumah Sakit,2.9586330000000003,99.069626
20,58,12,1272010,RS Umum Daerah Dr. Tengku Mansyur,Jl Mayjen Sutoyo No. 39 Tanjung Balai,SUMATERA UTARA,Rumah Sakit,3.0488169999999997,99.794914
21,60,12,1271016,RS Umum Daerah Dr. Fl Tobing Sibolga,Jl Dr. F.L. Tobing No. 35 Sibolga,SUMATERA UTARA,Rumah Sakit,1.700822,98.82294499999999
22,61,12,1218125,RS Umum Daerah Sultan Sulaiman Syariful Alamsyah,Kabupaten Serdang Bedagai,SUMATERA UTARA,Rumah Sakit,3.492603,99.12101700000001
23,64,12,1214010,RS Umum Daerah Lukas Hilisimaetano,Jln. RSUD Lukas no.01 Hilisimaetano,SUMATERA UTARA,Rumah Sakit,-1.122097,98.74811600000001
24,68,12,1213024,RS Umum PTP II Tg Selamat,Jl. Besar Batang Serangan No. 48 Kec. Padang Tualang,SUMATERA UTARA,Rumah Sakit,3.815464,98.34816
25,69,12,1213013,RS Umum Daerah Tanjung Pura,Jl Khairil Anwar No.9 Tanjung Pura,SUMATERA UTARA,Rumah Sakit,3.8996,98.415871
26,81,12,1211033,RS Umum Kusta Lau Simomo,Desa Lau Simomo Kec. Kabanjahe Kab. Karo,SUMATERA UTARA,Rumah Sakit,3.1375330000000003,98.45294200000001
27,82,12,1211011,RS Umum Daerah Kabanjahe,Jl Kapten Selamat Ketaren No. 08 Kabanjahe,SUMATERA UTARA,Rumah Sakit,3.1385669999999997,98.454628
28,83,12,1210010,RS Umum Daerah Sidikalang,"Jl Rumah Sakit No 19, Sidikalang",SUMATERA UTARA,Rumah Sakit,2.752294,98.30995899999999
29,84,12,1209076,RS Umum Daerah Perdagangan,"Jl Radjadmin Purba, SH. Perdagangan",SUMATERA UTARA,Rumah Sakit,2.957975,99.069229
30,90,12,1208016,RS Umum Daerah H. Abdul Manan Simatupang,Jl. Sisingamangaraja No. 310 Kisaran,SUMATERA UTARA,Rumah Sakit,2.078778,99.8536
31,93,12,1207015,RS Umum Daerah Rantau Prapat,"Jl KH Dewantara 129, Rantau Prapat",SUMATERA UTARA,Rumah Sakit,1.509161,99.62640400000001
32,96,12,1205046,RS Umum Daerah Porsea,"Jl Raja Sipakko Napitulu, Ds. Parparean, Kec. Porsea, Kab. Toba Samosir",SUMATERA UTARA,Rumah Sakit,2.340144,99.109116
33,97,12,1205035,RS Umum Daerah Dolok Sanggul,Jl. dr. Ferdinand Lumban Tobing No. 1 Dolok Sanggul,SUMATERA UTARA,Rumah Sakit,2.259583,98.752686
34,98,12,1205024,RS Umum Daerah Dr. Hadrianus Sinaga,Jl Dr Hadrianus Sinaga No. 86 Pangururan,SUMATERA UTARA,Rumah Sakit,2.6014,98.70405600000001
35,99,12,1205013,RS Umum Daerah Tarutung, Jl Agus Salim No. 1 Tarutung,SUMATERA UTARA,Rumah Sakit,2.034267,98.95858
36,100,12,1204056,RS Umum Daerah Pandan,Jl Dr. FL. Tobing No. 05 Pandan,SUMATERA UTARA,Rumah Sakit,1.6820279999999999,98.82306700000001
37,101,12,1203055,RS Umum Daerah Sibuhuan,Jl KH. Dewantara Sibuhuan Kec. Barumun ,SUMATERA UTARA,Rumah Sakit,1.052953,99.79164899999999
38,102,12,1203044,RS Umum Daerah Gunung Tua,Jl Raya gunung Tua - Binangan KM 6 Aek Haruaya,SUMATERA UTARA,Rumah Sakit,1.348142,99.737251
39,103,12,1203033,RS Umum Daerah Tapanuli Selatan,"Jl RSU No.1,Sipirok Tapsel",SUMATERA UTARA,Rumah Sakit,1.630233,99.287766
40,104,12,1203022,RS Umum Daerah Panyabungan,"Jl Merdeka No.40, Kayu Jati Panyabungan",SUMATERA UTARA,Rumah Sakit,0.8545309999999999,99.561409
41,105,12,1201016,RS Umum Daerah Gunungsitoli,Jl dr. Ciptomangunkusumo No 15 Gunungsitoli,SUMATERA UTARA,Rumah Sakit,1.2732,97.622963
42,106,13,1376015,RS Umum Daerah Dr Adnaan WD,"  Jl. AIS Nasution 25,Balai Kaliki Payakumbuh",SUMATERA BARAT,Rumah Sakit,-0.23333299999999998,100.63333100000001
43,107,13,1375040,RS Umum Ibnu Sina Bukittinggi,"Jl. Batang Agam, Belakang Balok ",SUMATERA BARAT,Rumah Sakit,-0.26695,100.383476
44,108,13,1375036,RS Stroke Nasional,"Jl. Jend Sudirman,Bukittinggi PO. BOX I Bukittinggi",SUMATERA BARAT,Rumah Sakit,-0.315819,100.374687
45,110,13,1375014,RS Umum Daerah Dr. Achmad Mochtar,        Jl. Dr. A.Rivai Bukittinggi,SUMATERA BARAT,Rumah Sakit,-0.299722,100.366066
46,111,13,1374013,RS Umum Daerah Padang Panjang, Jl. Tabek Gadang Kelurahan Ganting Kec.Padang Panjang Timur Kota Padang Panjang,SUMATERA BARAT,Rumah Sakit,-0.448875,100.416969
47,112,13,1373012,RS Umum Daerah Sawah Lunto,"     Jl. RA. Kartini No.18, Sawah Lunto",SUMATERA BARAT,Rumah Sakit,-0.666667,100.783333
48,113,13,1372011,RS Umum Daerah Solok,"  Jl. Simpang Rumbio,Solok",SUMATERA BARAT,Rumah Sakit,-1.476997,101.04686
49,114,13,1371444,RS Umum Daerah dr. Rasidin Padang," Jl. Air Paku Sei.Sapih Kec.Kuranji,Padang",SUMATERA BARAT,Rumah Sakit,0.904914,100.380157
50,117,13,1371400,RS Bersalin Lenggogeni,"Jl. Purus II No.1,Padang",SUMATERA BARAT,Rumah Sakit,-0.939967,100.353531
51,119,13,1371316,RS Jiwa Prof.Dr. Hasan Basri Saanin Datuk Tan Pari," Jl. Raya Ulu Gadut,Padang",SUMATERA BARAT,Rumah Sakit,-0.953731,100.351997
52,127,13,1371021,RS Tk III Reksodiwiryo Padang,"Jl. Dr Wahidin No.1,Padang",SUMATERA BARAT,Rumah Sakit,-0.950636,100.371788
53,128,13,1371010,RSUP Dr. M. Djamil,    Jl. Perintis Kemerdekaan Padang,SUMATERA BARAT,Rumah Sakit,-0.8883780000000001,100.362778
54,129,13,1312024,RS Umum Daerah Pasaman Barat,"Jl.Jenderal Sudirman, Simpang Ampek, Pasaman Barat",SUMATERA BARAT,Rumah Sakit,0.045683,99.818161
55,130,13,1311013,RS Umum Daerah Sungai Dareh,"Jl. Lintas Sumatera KM 2, Kec.Pulau Punjung Kab.Dharmasraya Tlp.0754-40347",SUMATERA BARAT,Rumah Sakit,-0.930275,101.45166
56,131,13,1309022,RS Umum Islam Ibnu Sina,Jl M Natsir pasaman baru ,SUMATERA BARAT,Rumah Sakit,0.070925,99.820267
57,132,13,1309011,RS Umum Daerah Lubuk Sikaping," Jl. Jen Sudirman No.33,Lubuk Sikaping",SUMATERA BARAT,Rumah Sakit,-0.135597,100.16843399999999
58,133,13,1308016,RS Umum Daerah Lubuk Basung,"        Jl. M.Hatta Padang Baru,Lubuk Basung",SUMATERA BARAT,Rumah Sakit,-0.25455,100.172493
59,134,13,1306056,RS Umum Daerah Padang Pariaman,Jl.raya Padang bukittingi Km.42 Parit malintang,SUMATERA BARAT,Rumah Sakit,-0.626975,100.13065300000001
60,135,13,1305014,RS Umum Daerah Prof Dr M.A Hanafiah,Jl. Bundo Kanduang no 1 Batusangkar,SUMATERA BARAT,Rumah Sakit,-0.459639,100.590599
61,136,13,1303023,"RS Umum Daerah Arosuka,Solok","  Jl. Lintas Sumatera Aro Suka Solok, Kab.Solok",SUMATERA BARAT,Rumah Sakit,-0.803028,100.644402
62,137,13,1303012,RS Umum Daerah Muara Labuh," Jl. Raya Km.1,Muara Labuh Padang Aro, Kabupaten Solok Selatan Propinsi Sumatera Barat",SUMATERA BARAT,Rumah Sakit,-1.302492,101.046593
63,138,13,1302011,RS Umum Daerah Dr. Muhammad Zein Painan,   Jln. A. Rivai No 1 Painan Kabupaten Pesisir Selatan,SUMATERA BARAT,Rumah Sakit,-5.297031,104.006233
64,139,13,1301010,RS Umum Daerah Kep. Mentawai, Jl. Raya Tuapejat KM.9 - Sipora Utara,SUMATERA BARAT,Rumah Sakit,-2.061022,99.591049
65,141,14,1473013,RS Umum Daerah Kota Dumai,"Jl Tanjung Jati No.4, Dumai.",RIAU,Rumah Sakit,1.6745,101.45517
66,144,14,1471259,RS Ibu dan Anak Andini,Jl Tuanku Tambusai No.55 - Pekanbaru,RIAU,Rumah Sakit,0.505772,101.437149
67,145,14,1471226,RS Umum Awal Bros Pekanbaru,Jl Sudirman No.117 Pekanbaru,RIAU,Rumah Sakit,0.49710299999999996,101.455803
68,146,14,1471161,RS Umum Bina Kasih,"Jl Samanhudi No.3-5,Pekanbaru",RIAU,Rumah Sakit,0.533333,101.449997
69,147,14,1471150,RS Prof. Dr. Tabrani,"Jl Jend. Sudirman 410, Pekanbaru",RIAU,Rumah Sakit,0.504622,101.452332
70,148,14,1471146,RS Jiwa Tampan,"Jl H.R. Subrantas Km.12,5 Pekanbaru",RIAU,Rumah Sakit,0.46485,101.382301
71,151,14,1471055,RS Santa Maria Pekanbaru,Jl Ahmad Yani No. 68 Rt/Rw 001/001 Kel.Pulau Karam Kec. Sukajadi,RIAU,Rumah Sakit,0.52805,101.44315300000001
72,154,14,1409022,RS Umum Daerah Dr. R.M. Pratomo Bagansiapiapi,"Jl Pahlawan No.13, Bagansiapiapi",RIAU,Rumah Sakit,1.466544,102.250908
73,156,14,1408055,RS Umum Mutia Sari,Jl Kebun Karet No 5 Kel. Air Jamban Duri - Riau,RIAU,Rumah Sakit,1.466544,102.250908
74,157,14,1408032,RS Umum Daerah Kec.Mandau,Jl Stadion No.10 Duri Bengkalis,RIAU,Rumah Sakit,1.259619,101.21309699999999
75,158,14,1408011,RS Umum Daerah Bengkalis,"Jl Kelapapati Tengah No.90, Bengkalis",RIAU,Rumah Sakit,1.466544,102.250908
76,160,14,1407011,RS Umum Daerah Rokan Hulu,"Jl Syekh Ismail, Pasir Pengaraian",RIAU,Rumah Sakit,0.874447,100.288467
77,161,14,1406031,RS Umum Tandun,Kebun Tandun Komplek PTPN V Desa Talang danto Kec. Tapung Hulu Kab. Kampar Riau,RIAU,Rumah Sakit,0.6274310000000001,100.606873
78,162,14,1406016,RS Umum Daerah Bangkinang,"Jl Lingkar Bangkinang-Batu Belah, Kampar, Riau",RIAU,Rumah Sakit,0.34616399999999997,101.118904
79,163,14,1405015,RS Umum Daerah Siak,"Jl Raja Kecik No.1 Kampung dalam,Siak Sri Indrapura",RIAU,Rumah Sakit,0.7832560000000001,102.069801
80,164,14,1404025,RS Umum Efarina Etaham,"Jl Lintas Timur No.1, Pangkalan Kerinci - Riau",RIAU,Rumah Sakit,0.262411,101.661568
81,165,14,1404014,RS Umum Daerah Selasih Riau,Jl Rumah Sakit No.01 Pkl Kerinci,RIAU,Rumah Sakit,0.402944,101.84528399999999
82,166,14,1403013,RS Umum Daerah Puri Husada Tembilahan,Jl Veteran No. 52 Tembilahan,RIAU,Rumah Sakit,-0.34710599999999997,103.169197
83,167,14,1402012,RS Umum Daerah Indrasari Rengat,Jl Lintas Timur Sumatera Rengat,RIAU,Rumah Sakit,-0.39403299999999997,102.441734
84,168,14,1401011,RS Umum Daerah Teluk Kuantan,Jl Kesehatan No. 1 Sinambek,RIAU,Rumah Sakit,-0.531417,101.564575
85,169,15,1571158,RS Umum Daerah H. Abdul Manap,Jl. SK.Rd.Syahbuddin Kel. Mayang Mangurai Kec.Kota Baru Jambi,JAMBI,Rumah Sakit,-1.6500110000000001,103.625473
86,170,15,1571136,RS Jiwa Daerah Provinsi Jambi,"Jl. Dr. Purwadi Km.9,5 Jambi",JAMBI,Rumah Sakit,-1.6185969999999998,103.554153
87,171,15,1571067,RS Umum Mayang Medical Centre,"Jl. Ir.H. Juanda No.56 Simp III Sipin, Jambi",JAMBI,Rumah Sakit,-1.630422,103.550972
88,174,15,1509013,RS Umum Daerah H. Hanafie,Jl. Teuku Umar 88  Muara Bungo,JAMBI,Rumah Sakit,-1.509428,101.960617
89,175,15,1508013,RS Umum Daerah Sultan Thaha Saifuddin,Jl. Sultan Thaha Saifuddin KM. 04 Muara Tebo,JAMBI,Rumah Sakit,-1.4840360000000001,102.276222
90,176,15,1507010,RS Umum Daerah KH. Daud Arif,"Jl. Syarif Hidayatullah, No. 14 Kuala Tungkal",JAMBI,Rumah Sakit,-1.132839,103.062416
91,177,15,1506011,RS Umum Daerah Nurdin Hamzah,Jl. WR. Supratman Kel. Parit Culum I Kec. Muara Sabak Barat,JAMBI,Rumah Sakit,-1.1364610000000002,104.007568
92,178,15,1505027,RS Umum Daerah Sungai Bahar,Jl. Soekarno Hatta Desa Suka Makmur Kecamatan Sungai Bahar Kabupaten Muaro Jambi,JAMBI,Rumah Sakit,-1.858228,103.550133
93,179,15,1505016,RS Umum Daerah Ahmad Ripin,Jl. Lintas Timur Komp. Perkantoran Bukit Cinto Kenang,JAMBI,Rumah Sakit,-1.703128,103.821625
94,180,15,1504015,RS Umum Daerah Haji Abdoel Madjid Batoe,Jl. Prof. Dr. Sri Soedewi  Muara Bulian,JAMBI,Rumah Sakit,-1.890811,102.997345
95,181,15,1503036,RS Umum Daerah Prof. Dr. H. Chatib Quzwain,"Jl. Lintas Sumatera Km.09 Desa Bukit, Sarolangun",JAMBI,Rumah Sakit,-2.344406,102.684715
96,182,15,1502014,RS Umum Daerah Kolonel Abundjani/Bangko,"  jl. Kesehatan No.20, Bangko",JAMBI,Rumah Sakit,-2.069014,102.276276
97,183,15,1501012,RS Umum Daerah Mayjen H. A. Thalib,Jl. Basuki Rahmat Sungai Penuh Kabupaten Kerinci,JAMBI,Rumah Sakit,-2.070419,101.367828
98,184,16,1674032,RS Umum Daerah Siti Aisyah Kota Lubuk Linggau,"Jl. Lapter Silampari No. 20 Rt. 01 Kel.Air Kuti,Lubuk Linggau Timur I ",SUMATERA SELATAN,Rumah Sakit,-3.269861,102.91947900000001
99,185,16,1674010,RS Umum Daerah Dr. Sobirin Kabupaten Musi Rawas,Jl. Yos Sudarso No. 13 Kelurahan Pasar Pemiri Kecamatan Lubuklinggau Barat II,SUMATERA SELATAN,Rumah Sakit,-3.296897,102.85990100000001
100,186,16,1673031,RS Umum Daerah Basemah Kota Pagar Alam,   Jl. AIS Nasution No.3,SUMATERA SELATAN,Rumah Sakit,-4.037669,103.265297
101,188,16,1671323,RS Khusus Mata Masyarakat Provinsi Sumatera Selata, Jl. Kol. H. Burlian KM.6 ,SUMATERA SELATAN,Rumah Sakit,-2.991144,104.755821
102,189,16,1671312,RS Khusus Paru Palembang,"    Jl. Merdeka No.10,Palembang",SUMATERA SELATAN,Rumah Sakit,-2.991144,104.755821
103,192,16,1671265,RS Umum Daerah Palembang Bari,"    Jl. Panca Usaha No.1 Kel. 5 ulu Seb. Ulu I, PALEMBANG",SUMATERA SELATAN,Rumah Sakit,-2.962319,104.779945
104,193,16,1671254,RS Ibu dan Anak Tiara Fatrin Palembang,"Jl. Rajawali No.495-496,Palembang",SUMATERA SELATAN,Rumah Sakit,-2.927764,104.69965400000001
105,198,16,1671024,RS Umum Pertamina Palembang,"Komplek Pertamina Plaju, Palembang",SUMATERA SELATAN,Rumah Sakit,-2.9908639999999997,104.759415
106,199,16,1671013,RS Umum Pusat Dr. Mohammad Hoesin Palembang,"JL Jendral Sudirman KM 3,5 Palembang",SUMATERA SELATAN,Rumah Sakit,-2.972911,104.75193
107,200,16,1609083,RS Umum Daerah Ogan Komering Ulu Timur,    Jl. Raya Belitang Rasuan No.1 Tulus Ayu Kecamatan Belitang Madang Raya,SUMATERA SELATAN,Rumah Sakit,-4.279208000000001,104.107574
108,202,16,1608051,RS Umum Daerah Muara Dua,    Jl. Raya Ranau Desa Suka Jaya Kec.Muaradua,SUMATERA SELATAN,Rumah Sakit,-4.797092,103.383614
109,203,16,1607012,RS Umum Daerah Banyuasin,"Jl. Raya Palembang - Betung Km.48,Pangkalan Balai Banyuasin",SUMATERA SELATAN,Rumah Sakit,-2.852836,104.54271700000001
110,204,16,1606032,RS Umum Daerah Bayung Lincir,"   Jl Raya Palembang-Jambi KM 200 Kec, Bayung Lencir",SUMATERA SELATAN,Rumah Sakit,-2.254253,103.817955
111,205,16,1606022,RS Umum Daerah Sungai Lilin,  Jl. Palembang-Jambi Km.117 Kecamatan Sungai Lilin,SUMATERA SELATAN,Rumah Sakit,-3.319436,103.91439799999999
112,206,16,1606011,RS Umum Daerah Sekayu,Jl. Kol. Wahid Udin Lingkungan I Kel. Kayuara Kec. Sekayu Kab.Musi Banyuasin,SUMATERA SELATAN,Rumah Sakit,-2.8921,103.856689
113,207,16,1605043,RS Umum Daerah Rupit Kabupaten Musi Rawas Utara,Jl.Kesehatan No.1 desa lawang agung kec. Rupit,SUMATERA SELATAN,Rumah Sakit,-3.2966330000000004,102.8601
114,209,16,1604016,RS Umum Daerah Lahat,   Jl. Letjend Harun Sohar No.28,SUMATERA SELATAN,Rumah Sakit,-3.7469,103.424683
115,210,16,1603085,RS Umum Daerah Talang Ubi,"  Jl. Taman Siswa, Kel. Pasar Bhayangkara, Kec. Talang Ubi",SUMATERA SELATAN,Rumah Sakit,-3.637486,103.781334
116,211,16,1603063,RS Umum Daerah dr.H.M.Rabain Muara Enim,    Jl. Sultan Mahmud Badarudin II No. 49,SUMATERA SELATAN,Rumah Sakit,-3.639906,103.77471899999999
117,213,16,1602014,RS Umum Daerah Kayuagung," Jln.Letjen Yusuf Singedekane No,1 Kel Jua Jua, Kayuagung",SUMATERA SELATAN,Rumah Sakit,-4.094692,104.16632800000001
118,215,16,1601013,RS Umum Daerah Dr. Ibnu Sutowo Baturaja,"    Jl. Dr. Moh.Hatta No.1,Baturaja",SUMATERA SELATAN,Rumah Sakit,-4.279208000000001,104.107574
119,216,17,1771051,RS Bhayangkara Jitra Kota Bengkulu,Jl. Veteran No.2 Kelurahan Jitra Kota Bengkulu,BENGKULU,Rumah Sakit,-3.792364,102.25428000000001
120,217,17,1771040,RS Tk. IV Bengkulu,Jl. Zainul Arifin RT 05/01 Kel. Padang Nangka Kecamatan Singaran Pati Bengkulu,BENGKULU,Rumah Sakit,-3.80065,102.256203
121,219,17,1771025,RS Jiwa Soeprapto Provinsi Bengkulu,Jl. Bhakti Husada Lingkar Barat Bengkulu,BENGKULU,Rumah Sakit,-3.80065,102.256203
122,220,17,1771014,RS Umum Daerah Dr. M. Yunus Bengkulu,  Jl. Bayangkara Kel. Sido Mulyo Kec. Gading Cempaka Kota Bengkulu,BENGKULU,Rumah Sakit,-3.833831,102.31343100000001
123,221,17,1709038,RS Umum Daerah Bengkulu Tengah,"   Jl. Raya Bengkulu - Kepahiang  Km.27,5 Desa Durian Demang Kecamatan Karang Tinggi Kabupaten Bengk",BENGKULU,Rumah Sakit,-3.80065,102.256203
124,222,17,1708010,RS Umum Daerah Kepahiang,Jl. Lintas Kepahiang-Bengkulu KM 03 Desa Tebat Monok Kepahiang,BENGKULU,Rumah Sakit,-3.643758,102.573982
125,223,17,1707026,RS Umum Daerah Lebong,Desa Muning Agung Kecamatan Lebong Sakti,BENGKULU,Rumah Sakit,-2.9926169999999996,104.382202
126,224,17,1706019,RS Umum Daerah Mukomuko,    Jl. Danau Nibung Desa Kota Praja Kecamatan Air Manjunto Kabupaten Mukomuko Provinsi Bengkulu,BENGKULU,Rumah Sakit,-2.575764,101.117302
127,225,17,1705018,RS Umum Daerah Tais Kabupaten Seluma, Jl. Raya KM. 64 Selebar Kabupaten Seluma,BENGKULU,Rumah Sakit,-4.049086,102.527924
128,227,17,1703027,RS Bergerak Enggano,Jl. Raya Malakoni KM 3 Kecamatan Enggano Kabupaten Bengkulu Utara,BENGKULU,Rumah Sakit,-2.666489,101.344353
129,228,17,1703016,RS Umum Daerah Arga Makmur,Jl. Siti Khadijah No. 08 Arga Makmur Kabupaten Bengkulu Utara,BENGKULU,Rumah Sakit,-2.666489,101.344353
130,229,17,1702015,RS Umum Daerah Curup,Jl. Basuki rahmat No. 10 Dwi Tunggal Curup,BENGKULU,Rumah Sakit,-3.4574529999999997,102.55326099999999
131,230,17,1701014,RS Umum Daerah Hasanuddin Damrah Manna,Jl. Raya Padang Panjang Manna Kabupaten Bengkulu Selatan,BENGKULU,Rumah Sakit,-3.80065,102.256203
132,233,18,1872016,RS Umum Daerah Ahmad Yani Metro,Jl.Jend. A.Yani No.13 Kota Metro,LAMPUNG,Rumah Sakit,-5.113942,105.305733
133,240,18,1871176,RS Jiwa Bandar Lampung, Jl. Raya Gd.Tataan KM 13 Bandar Lampung,LAMPUNG,Rumah Sakit,-5.45,105.26666999999999
134,242,18,1808015,RS Umum Daerah Menggala Tulang Bawang,"Menggala,Kab.Tulang Bawang",LAMPUNG,Rumah Sakit,-4.610283,105.22103899999999
135,243,18,1807014,RS Umum Daerah Zainal Abidin Pagar Alam,"   Jl. Raya Lintas Sumatera, Blambangan Umpu",LAMPUNG,Rumah Sakit,-5.379453,105.25293700000002
136,244,18,1806013,RS Umum Daerah May Jen HM Ryacudu,Jl. Jend.Sudirman No.2 Kotabumi,LAMPUNG,Rumah Sakit,-4.8355,104.891998
137,246,18,1805034,RS Umum Daerah Demang Sepulau Raya,       Jl. Raya Lintas Sumatera Kampung Terbanggi Agung Kec.Gunung Sugih Kab.Lampung Tengah,LAMPUNG,Rumah Sakit,-5.0531,105.20165300000001
138,247,18,1805024,RS Umum Islam Asy-Syifaa Bandar Jaya,Jl. Lintas Sumatera KM 65 Yukum Jaya Terbanggi Besar Bandar Jaya,LAMPUNG,Rumah Sakit,-4.851478,104.849434
139,250,18,1804011,RS Umum Daerah Sukadana," Jl. Letnan Adnan Sanjaya,Lintas Timur,Sukadana,Lamp.Timur",LAMPUNG,Rumah Sakit,-5.108719000000001,105.614967
140,251,18,1803010,RS Umum Daerah Pringsewu,   Jl. Lintas Barat Pekon Fajar Agung Barat Kec. Pringsewu,LAMPUNG,Rumah Sakit,-5.355564,104.965096
141,252,18,1802038,RS Umum Mitra Husada,"Jl. Jend.A.Yani No.14 Pringsewu,Kab.Pringsewu",LAMPUNG,Rumah Sakit,-5.459672,104.703163
142,253,18,1802027,RS Umum Daerah Kota Agung,"   Jl. Soekarno Hatta Komplek Islamic Centre Kotaagung,Kab.Tanggamus",LAMPUNG,Rumah Sakit,-4.146069000000001,103.516319
143,255,18,1801017,RS Umum Daerah Dr H Abdul Moeloek,"   Jl. Dr. Rivai 6,Penengahan B.Lampung",LAMPUNG,Rumah Sakit,-5.79025,105.717064
144,256,18,1801015,RS Umum Daerah Liwa,"Jl. Teuku Umar No. 3, Lampung Barat",LAMPUNG,Rumah Sakit,-5.356681,104.035362
145,257,19,1971043,RS Bakti Timah Pangkalpinang,"Jl. Bukit Baru No.1, Kel.Taman Bunga Kec.Gerunggang Pangkal Pinang",KEPULAUAN BANGKA BELITUNG,Rumah Sakit,-2.230789,106.13456699999999
146,258,19,1971021,RS Umum Daerah Depati Hamzah,"  Jl. Soekarno Hatta,Kota PangkalPinang",KEPULAUAN BANGKA BELITUNG,Rumah Sakit,-2.230803,106.13460500000001
147,259,19,1906014,RS Umum Daerah Kab.Belitung Timur,Jl. Raya Manggar Gantung Desa Padang Kecamatan Manggar,KEPULAUAN BANGKA BELITUNG,Rumah Sakit,-2.876919,107.91266599999999
148,260,19,1905024,RS Umum Daerah Kab. Bangka Selatan,   Jl. Raya Gadung Desa Gadung Kec. Toboali ,KEPULAUAN BANGKA BELITUNG,Rumah Sakit,-2.9270560000000003,108.06488799999998
149,261,19,1904013,RS Umum Daerah Kab.Bangka Tengah," Jl. By Pass No 01 Kec.Koba,Kab. Bangka Tengah",KEPULAUAN BANGKA BELITUNG,Rumah Sakit,-2.4439,106.20016499999998
150,262,19,1903013,RS Umum Daerah Sejiran Setason," Jl. Kadur Dalam, Ds Belo Laut Kecamatan Muntok",KEPULAUAN BANGKA BELITUNG,Rumah Sakit,-1.837403,105.445778
151,263,19,1902010,RS Umum Daerah dr. H. Marsidi Judono," Jl. Jend. Sudirman Km 5,5 Desa Aik Rayak Tanjungpandan",KEPULAUAN BANGKA BELITUNG,Rumah Sakit,-2.857611,107.95556599999999
152,265,19,1901020,RS Jiwa Sungai Liat,   Jl. Jend Sudirman No. 345 Kel. Parit Padang Kec. Sungai Liat ,KEPULAUAN BANGKA BELITUNG,Rumah Sakit,-1.9049470000000002,106.08126100000001
153,266,19,1901016,RS Umum Daerah Depati Bahrin,"Jl. Jend Sudirman No.195, Kel.Parit Padang Kec.Sungailiat Propinsi Kepulauan Bangka Belitung",KEPULAUAN BANGKA BELITUNG,Rumah Sakit,-1.8833080000000002,106.138687
154,272,21,2004012,RS Umum Daerah Dabo Kabupaten Lingga,"Jl. Kesehatan No.1, Dabo Singkep Kabupaten Lingga",KEPULAUAN RIAU,Rumah Sakit,-0.553581,104.4814
155,274,21,2003011,RS Umum Daerah Natuna,"  Jl. H.Ali Murtopo,Natuna",KEPULAUAN RIAU,Rumah Sakit,3.94565,108.14286799999999
156,275,21,2001045,RS Umum Bhakti Timah,"Jl. Canggai Putri, Kel. Teluk Uma, Kec. Tebing",KEPULAUAN RIAU,Rumah Sakit,1.083333,104.48333000000001
157,276,21,2001013,RS Umum Daerah Muhammad Sani Kabupaten Karimun, Jl. Soekarno - Hatta No. 1 Tanjung Balai Karimun,KEPULAUAN RIAU,Rumah Sakit,0.9077,103.450035
158,283,31,3175341,RS Umum Pluit,Jl. Raya Pluit Selatan 2 Jakut,DKI JAKARTA,Rumah Sakit,-6.125578,106.798332
159,288,31,3175064,RS Penyakit Infeksi Prof. Dr. Sulianti Saroso,Jl. Baru Sunter Permai Raya Jakarta Utara,DKI JAKARTA,Rumah Sakit,-6.130389,106.86200000000001
160,291,31,3175016,RS Umum Daerah Koja," Jl. Deli No.4 Tanjung Priok,Jakut",DKI JAKARTA,Rumah Sakit,-6.108861,106.900002
161,302,31,3174074,RS Umum Daerah Cengkareng,Jl.Kamal Raya Bumi Cengkareng Indah Cengkareng Timur,DKI JAKARTA,Rumah Sakit,-6.14275,106.735001
162,303,31,3174063,RS Kanker Dharmais,               Jl. S Parman Kav.84-86 Slipi Jakarta Barat,DKI JAKARTA,Rumah Sakit,-6.186967,106.797752
163,304,31,3174041,RS Jiwa Dr. Soeharto Heerjan,Jl. Prof.Dr.Latumeten No. 1 Jakarta Barat,DKI JAKARTA,Rumah Sakit,-6.162481,106.788002
164,317,31,3173521,RS Umum Daerah Tarakan,Jl. Kyai Caringin Jakarta Pusat,DKI JAKARTA,Rumah Sakit,-6.172839,106.806458
165,326,31,3173120,RS Ibu dan Anak Bunda,Jl. Teuku Cik Ditiro No. 28 Menteng,DKI JAKARTA,Rumah Sakit,-6.1959029999999995,106.836533
166,331,31,3173062,RS PGI Cikini,Jl. Raden Saleh No. 40 Jakpus,DKI JAKARTA,Rumah Sakit,-6.191483,106.84198
167,335,31,3173014,RSUPN Dr. Cipto Mangunkusumo,    Jl. Diponegoro 71 Jakarta Pusat,DKI JAKARTA,Rumah Sakit,-6.196661,106.84515400000001
168,336,31,3172746,RS Jiwa Duren Sawit,Jl. Duren Sawit Baru Jakarta Timur,DKI JAKARTA,Rumah Sakit,-6.232133,106.90886699999999
169,337,31,3172735,RS Jiwa Islam Klender,Jl. Bunga Rampai X P.Klender Jaktim,DKI JAKARTA,Rumah Sakit,-6.221719,106.934692
170,339,31,3172713,RS Umum Mediros,Jl. Perintis Kemerdekaan  Kav.149 Jakarta Timur,DKI JAKARTA,Rumah Sakit,-6.179628,106.903824
171,346,31,3172505,RS Umum Islam Jakarta Timur,Jl. Raya Pondok Kopi Jakarta Timur,DKI JAKARTA,Rumah Sakit,-6.220206,106.94009399999999
172,356,31,3172024,RS Umum Daerah Budhi Asih,"Jl. Dewi Sartika, Cawang III/ 200,Jakarta Timur",DKI JAKARTA,Rumah Sakit,-6.256169,106.86336499999999
173,357,31,3172013,RSUP Persahabatan,"    Jl. Persahabatan Raya No. 1,Jaktim",DKI JAKARTA,Rumah Sakit,-6.204058,106.884773
174,359,31,3171757,RS Bersalin Durentiga,Jl. Duren Tiga Raya No.5 Pancoran Jaksel,DKI JAKARTA,Rumah Sakit,-6.253381,106.841003
175,364,31,3171702,RS Ibu dan Anak Zahirah,"Jl. Sirsak No.21 RT/RW 009/001,Jagakarsa,Jaksel",DKI JAKARTA,Rumah Sakit,-6.335719,106.8237
176,378,31,3171450,RS Umum Setia Mitra,"Jl. Fatmawati No. 80-82,Jaksel",DKI JAKARTA,Rumah Sakit,-6.269361,106.806053
177,387,31,3171012,RSUP Fatmawati," Jl. RS Fatmawati Cilandak,Jaksel",DKI JAKARTA,Rumah Sakit,-6.294844,106.79556299999999
178,388,32,3278081,RS Umum Prasetya Bunda,"Jl. Ir. H. Juanda No.1, Indihiang Kota Tasikmalaya",JAWA BARAT,Rumah Sakit,-7.305178,108.204903
179,390,32,3277020,RS Umum Daerah Cibabat, Jl. Jend. H. Amir Machmud No. 140 Kel. Cibabat Kec. Cimahi Utara,JAWA BARAT,Rumah Sakit,-6.87965,107.550835
180,393,32,3276135,RS Umum Simpangan Depok,"Jl. Raya Bogor Km.36,Sukamaju Sukmajaya Depok",JAWA BARAT,Rumah Sakit,-6.408589,106.861
181,394,32,3276124,RS Umum Daerah Kota Depok, Jl. Raya Muchtar No. 99 Sawangan ,JAWA BARAT,Rumah Sakit,-6.395,106.79675300000001
182,412,32,3275013,RS Umum Daerah dr. Chasbullah Abdulmadjid,Jl. Pramuka No. 55 Bekasi,JAWA BARAT,Rumah Sakit,-6.268111,107.082497
183,420,32,3274016,RS Umum Daerah Gunung Jati,  Jl. Kesambi No.56 Cirebon - 45134,JAWA BARAT,Rumah Sakit,-6.731180999999999,108.555885
184,421,32,3273539,RS Umum Hermina Pasteur,Jl. Dr. Djundjunan No.107 Kota Bandung,JAWA BARAT,Rumah Sakit,-6.895614,107.588509
185,422,32,3273528,RS Ibu dan Anak Melinda,"Jl. Pajajaran No.46 Kel Pasirkaliki, Kec. Cicendo, Kota Bandung",JAWA BARAT,Rumah Sakit,-6.906814,107.60336299999999
186,424,32,3273486,RS Umum Santosa Hospital Bandung Central,"Jl. Kebon Jati No.38,Bandung",JAWA BARAT,Rumah Sakit,-6.918497,107.59816000000001
187,426,32,3273453,RS Khusus Ginjal NY R.A. Habibie,Jl. Tubagus Ismail No. 46 Kota Bandung,JAWA BARAT,Rumah Sakit,-6.885364,107.619629
188,429,32,3273420,RS Umum Al-Islam Bandung,Jl. Soekarno. Hatta 644 Bandung,JAWA BARAT,Rumah Sakit,-6.939222,107.668999
189,430,32,3273405,RS Umum Daerah Kota Bandung,"  Jl. Rumah Sakit 22 Ujung Berung, Kota Bandung",JAWA BARAT,Rumah Sakit,-6.915342,107.698669
190,431,32,3273201,RS Paru Dr. H. A. Rotinsulu,Jl. Bukit Jarian No. 40 Bandung,JAWA BARAT,Rumah Sakit,-6.877661,107.60656000000002
191,432,32,3273191,RS Khusus Mata Cicendo,  Jl. Cicendo No.4 Bandung,JAWA BARAT,Rumah Sakit,-6.9099,107.603996
192,434,32,3273121,RS Umum Rajawali,Jl. Rajawali No.38 Kota Bandung,JAWA BARAT,Rumah Sakit,-6.91255,107.572998
193,441,32,3273052,RS Umum Immanuel Bandung,Jl. Kopo 161 Bandung,JAWA BARAT,Rumah Sakit,-6.93545,107.596001
194,442,32,3273030,RS Umum Lanud dr. M. Salamun,Jl. Ciumbuleuit 203 Bandung,JAWA BARAT,Rumah Sakit,-6.864889,107.605003
195,443,32,3273026,RS Umum Sartika Asih,Jl. Moch. Toha No. 369 Bandung,JAWA BARAT,Rumah Sakit,-6.9563440000000005,107.61211399999999
196,444,32,3273015,RS Umum Pusat Dr. Hasan Sadikin,   Jl. Pasteur No. 38 Bandung,JAWA BARAT,Rumah Sakit,-6.899186,107.59826699999999
197,448,32,3272014,RS Umum Daerah R Syamsudin SH,   Jl. Rumah Sakit No. 1 Kota Sukabumi,JAWA BARAT,Rumah Sakit,-6.914967,106.934547
198,453,32,3271046,RS Jiwa dr. H. Marzoeki Mahdi,Jl. dr. Sumeru No.114 Kota Bogor,JAWA BARAT,Rumah Sakit,-6.589422,106.793076
199,454,32,3271035,RS Umum Dr Muhamad Hassan Toto,"Jl. Sardjio No. 1, Semplak Kec. Kemang",JAWA BARAT,Rumah Sakit,-6.544467,106.76233700000002
200,456,32,3271013,RS Umum PMI Bogor,Jl. Raya Pajajaran No. 80 Bogor,JAWA BARAT,Rumah Sakit,-6.597042,106.806114
201,458,32,3216351,RS Umum Kartika Husada,"Jl. Raya Mangunjaya No.07 Kp.Rukem,Tambun - Bekasi",JAWA BARAT,Rumah Sakit,-6.244592,107.06462900000001
202,463,32,3216252,RS Umum Daerah Kab.Bekasi," Jl. Teuku Umar Cibitung,Bekasi",JAWA BARAT,Rumah Sakit,-6.266789,107.082001
203,467,32,3216163,RS Umum Sentra Medika,Jl. Raya Industri Pasirgombong Cikarang ,JAWA BARAT,Rumah Sakit,-6.259333,107.171974
204,468,32,3216126,RS Umum Annisa,Jl. Cikarang Baru No.31 Cikarang Utara Bekasi,JAWA BARAT,Rumah Sakit,-6.273236,107.173828
205,471,32,3215145,RS Umum Mandaya,Jl. Arteri Tol Karawang  Barat Teluk jambe Karawang,JAWA BARAT,Rumah Sakit,-6.304144,107.277992
206,472,32,3215112,RS Ibu dan Anak Dr. Djoko Pramono,"Jl. Panatayuda I No.35, Karawang",JAWA BARAT,Rumah Sakit,-6.306842,107.305603
207,473,32,3215100,RS Umum Delima Asih Sisma Medika,"Jl. Wirasaba No.54, Johar - Karawang",JAWA BARAT,Rumah Sakit,-6.3152,107.316002
208,475,32,3215078,RS Umum Islam Karawang,"Jl. Pangkal Perjuangan KM.2, Karawang",JAWA BARAT,Rumah Sakit,-6.28195,107.283501
209,477,32,3215056,RS Umum Karya Husada,Jl. Jend. A.Yani No.98 Cikampek Karawang,JAWA BARAT,Rumah Sakit,-6.40135,107.444
210,479,32,3215023,RS Umum Bayukarta,Jl. Kertabumi No.44 Karawang,JAWA BARAT,Rumah Sakit,-6.314722,107.31723799999999
211,480,32,3215012,RS Umum Daerah Karawang," Jl. Galuh Mas Raya No.1, Sukaharja, Teluk Jambe, Karawang",JAWA BARAT,Rumah Sakit,-6.257053,107.32285300000001
212,481,32,3214011,RS Umum Daerah Bayu Asih,Jl. Veteran No. 39 Purwakarta,JAWA BARAT,Rumah Sakit,-6.525947,107.44767
213,484,32,3213010,RS Umum Daerah Subang, Jl. Brigjen Katamso No. 37 Ciereng,JAWA BARAT,Rumah Sakit,-6.814481,107.94918100000001
214,485,32,3212053,RS Umum Permata Medical Center,Jl. Raya Panyindangan Wetan Kab. Indramayu,JAWA BARAT,Rumah Sakit,-6.3926940000000005,108.287544
215,486,32,3212042,RS Umum Bhayangkara Indramayu, Jl. Raya Pantura Km.73-75 Losarang - Indramayu,JAWA BARAT,Rumah Sakit,-6.382319,108.151634
216,487,32,3212031,RS Umum Daerah M.A. Sentot Patrol,Jl. Raya Patrol Km. 46 Patrol Kab. Indramayu,JAWA BARAT,Rumah Sakit,-6.8291830000000004,107.70253000000001
217,488,32,3212016,RS Umum Daerah Kab. Indramayu,Jl. Murah Nara No. 7 Sindang Indramayu,JAWA BARAT,Rumah Sakit,-6.3926940000000005,108.287544
218,490,32,3211015,RS Umum Daerah Sumedang,Jl. Prabu Geusan Ulun No 41 Jl. Palasari No. 80 Kabupaten Sumedang,JAWA BARAT,Rumah Sakit,-6.858028,107.921074
219,491,32,3210036,RS Bedah Budi Kasih,Jl. Raya Majalengka - Kadipaten Km.7 no 84,JAWA BARAT,Rumah Sakit,-6.765569,108.16746499999999
220,492,32,3210025,RS Umum Daerah Cideres,Jl. Raya Cideres - Kadipaten No. 180 Bojong Cideres Dawuan ,JAWA BARAT,Rumah Sakit,-6.757503,108.196114
221,493,32,3210014,RS Umum Daerah Majalengka, Jl. Kesehatan No.77 Majalengka,JAWA BARAT,Rumah Sakit,-6.833375,108.23326100000001
222,495,32,3209040,RS Umum Daerah Arjawinangun,Jl. Palimanan - Jakarta KM. 2 No. 1  Arjawinangun,JAWA BARAT,Rumah Sakit,-6.652844,108.411911
223,496,32,3209036,RS Paru Provinsi Jawa Barat,"  Jl. Pangeran Kejaksan PO.BOX 4 Desa Sidawangi, Kecamatan Sumber Kab. Cirebon",JAWA BARAT,Rumah Sakit,-6.750111,108.52493999999999
224,498,32,3209014,RS Umum Daerah Waled," Jl. Prabu Kiansantang No. 4 Waled, Cirebon",JAWA BARAT,Rumah Sakit,-6.914228,108.71781899999999
225,502,32,3208013,RS Umum Daerah 45 Kuningan,Jl. Jendral Sudirman No. 68 Kuningan,JAWA BARAT,Rumah Sakit,-6.982614,108.487427
226,505,32,3207023,RS Umum Daerah Banjar,  Jl. Rumah Sakit No. 5 Kota Banjar,JAWA BARAT,Rumah Sakit,-7.369864,108.572548
227,506,32,3207012,RS Umum Daerah Kab. Ciamis,   Jl. Rumah Sakit No.76 Ciamis,JAWA BARAT,Rumah Sakit,-7.329803,108.35932199999999
228,507,32,3206070,RS Umum Jasa Kartini,Jl. Otto Iskandar Dinata No 15,JAWA BARAT,Rumah Sakit,-7.326289,108.222458
229,509,32,3205010,RS Umum Daerah dr. Slamet Garut,Jl. Rumah Sakit No.12 Garut,JAWA BARAT,Rumah Sakit,-7.2197059999999995,107.89713300000001
230,511,32,3204090,RS Umum Daerah Soreang, Jl. Alun-Alun Utara No. 1 Soreang,JAWA BARAT,Rumah Sakit,-7.0260419999999995,107.51714299999999
231,512,32,3204086,RS Umum Daerah Al Ihsan Provinsi Jawa Barat,  Jl. Ki Astramanggala Bale Endah Kab. Bandung,JAWA BARAT,Rumah Sakit,-7.0081,107.624001
232,514,32,3204041,RS Umum Kebonjati,Jl. Kebonjati No. 152  Kel. Kebon Jeruk Kec. Andir kota Bandung,JAWA BARAT,Rumah Sakit,-6.916086,107.59626000000002
233,515,32,3204016,RS Umum Daerah Majalaya,  Jl. Raya Cipaku No.87 Majalaya Kabupaten Bandung,JAWA BARAT,Rumah Sakit,-7.0486580000000005,107.772278
234,516,32,3203037,RS Umum Daerah Cimacan," Jl. Raya Cimacan No.17, Cianjur",JAWA BARAT,Rumah Sakit,-6.720447,107.031807
235,517,32,3203015,RS Umum Daerah Sayang, Jl. Rumah Sakit No.1 Cianjur,JAWA BARAT,Rumah Sakit,-6.812192,107.14103700000001
236,520,32,3202051,RS Umum Daerah Jampang Kulon,"  Jl. Cibarusah No.1 Jampang Kulon, Kab.Sukabumi",JAWA BARAT,Rumah Sakit,-6.9196,106.9272
237,521,32,3202040,RS Umum Daerah Palabuhanratu, Jl. Ahmad Yani No.2 Palabuhanratu,JAWA BARAT,Rumah Sakit,-6.9923720000000005,106.55728899999998
238,522,32,3202014,RS Umum Daerah Sekarwangi, Jl. Siliwangi No. 49 Cibadak Sukabumi,JAWA BARAT,Rumah Sakit,-6.894764,106.78600300000001
239,533,32,3201050,RS Umum Daerah Ciawi, Jl. Raya Puncak 479 Ciawi Bogor,JAWA BARAT,Rumah Sakit,-6.6538889999999995,106.87381699999999
240,534,32,3201046,RS Umum Daerah Cibinong,JL. KSR Dadi Kusmayadi No. 27 Cibinong Bogor,JAWA BARAT,Rumah Sakit,-6.473292,106.831207
241,536,32,3201024,RS Paru Dr. M. Goenawan Partowidigdo," Jl. Raya Puncak KM.83, Po Box 28 Cisarua Bogor 16750",JAWA BARAT,Rumah Sakit,-6.687447,106.93904099999999
242,540,33,3376034,RS Umum Tk.IV Tegal,  Jl. RS DKT PAGONGAN TEGAL,JAWA TENGAH,Rumah Sakit,-6.911778,109.134491
243,542,33,3376012,RS Umum Daerah Kardinah," Jl. KS Tubun No.2, Kota Tegal",JAWA TENGAH,Rumah Sakit,-6.884636,109.13575
244,543,33,3375071,RS Umum Karomah Holistic,"Jl. Gajah Mada Barat No.124,Pekalongan",JAWA TENGAH,Rumah Sakit,-6.889619000000001,109.65248899999999
245,546,33,3374353,RS Ibu dan Anak Kusuma Pradja,"Jl. Bugangan Raya No.3 - 5,Semarang",JAWA TENGAH,Rumah Sakit,-6.975086,110.437225
246,547,33,3374342,RS Umum Daerah K.M.R.T Wongso Negoro,  Jl. Fatmawati Raya No.1,JAWA TENGAH,Rumah Sakit,-7.037419,110.46426399999999
247,551,33,3374273,RS Ibu dan Anak Anugerah,"Jl. Kalisari Baru No.5-7,Semarang",JAWA TENGAH,Rumah Sakit,-6.99245,110.404999
248,554,33,3374134,RS Umum Daerah Tugurejo Semarang,"Jl. WALISONGO KM 8,5 NO 137  Semarang",JAWA TENGAH,Rumah Sakit,-6.996617,110.372543
249,555,33,3374123,RS Jiwa Daerah Dr. Amino Gondohutomo,"Jl. Brigjen Sudiarto No. 347, Pedurungan, Kota Semarang",JAWA TENGAH,Rumah Sakit,-7.009886,110.46691899999999
250,556,33,3374112,RS Umum Panti Wilasa Citarum,Jl. Citarum No 98 Semarang,JAWA TENGAH,Rumah Sakit,-6.973158,110.434486
251,558,33,3374076,RS Umum Sultan Agung Semarang,"Jl. Raya Kaligawe Km.4,Semarang",JAWA TENGAH,Rumah Sakit,-6.955619,110.460999
252,561,33,3374043,RS Umum Telogorejo Semarang,Jl. KH. Ahmad Dahlan Semarang,JAWA TENGAH,Rumah Sakit,-6.988278,110.426651
253,563,33,3374021,RS Umum St. Elisabeth Semarang,"Jl. Kawi No.1,Semarang",JAWA TENGAH,Rumah Sakit,-7.007989,110.417999
254,564,33,3374010,RS Umum Pusat Dr. Kariadi,"Jl. Dr. Soetomo No.16,Semarang",JAWA TENGAH,Rumah Sakit,-6.994611,110.406998
255,567,33,3373016,RS Umum Daerah Salatiga," Jl. Osamaliki No.19,Salatiga",JAWA TENGAH,Rumah Sakit,-7.327033,110.49621599999999
256,568,33,3372234,RS Umum Daerah Kota Surakarta,"  Jln. Lettu Sumarto No. 1 Kelurahan Kadipiro, Kecamatan Banjarsari, Kota Surakarta",JAWA TENGAH,Rumah Sakit,-7.5642190000000005,110.82584399999999
257,570,33,3372180,RSU Islam Surakarta,"Jl. Ahmad Yani, Pabelan, Kartasura, Sukoharjo",JAWA TENGAH,Rumah Sakit,-7.558947,110.77094299999999
258,573,33,3372096,RS Umum PKU Muhammadiyah,"Jl. Ronggowarsito 130, Surakarta",JAWA TENGAH,Rumah Sakit,-7.8006,110.36200000000001
259,575,33,3372063,RS Orthopedi Prof. Dr. R. Soeharso,"      Jl. Jenderal Ahmad Yani Pabelan, Surakarta 57162",JAWA TENGAH,Rumah Sakit,-7.55755,110.774002
260,576,33,3372052,RS Jiwa Daerah Surakarta,"  Jl. K.H. Dewantoro 80, Jebres, Surakarta",JAWA TENGAH,Rumah Sakit,-7.55715,110.862999
261,580,33,3372015,RS Umum Daerah Dr. Moewardi Surakarta,"  Jl. Kol Sutarto 132,Surakarta",JAWA TENGAH,Rumah Sakit,-7.535222,110.837303
262,583,33,3371105,RS Ibu dan Anak Gladiool,"Jl. Kenanga No.4-6,Magelang",JAWA TENGAH,Rumah Sakit,-7.482133,110.21548500000002
263,585,33,3371040,RS Jiwa Prof. Dr. Soerojo, Jl. Jenderal Ahmad Yani 169 Magelang,JAWA TENGAH,Rumah Sakit,-7.441422,110.22586799999999
264,586,33,3371025,RS Umum Tk II Dr. Soedjono," Jl. Urip Sumoharjo 48, Magelang",JAWA TENGAH,Rumah Sakit,-7.46835,110.22680700000001
265,587,33,3371014,RS Umum Daerah Tidar,"Jl. Tidar No.30 A, Kota Magelang",JAWA TENGAH,Rumah Sakit,-7.5005440000000005,110.223701
266,592,33,3329012,RS Umum Daerah Brebes,"Jl. Jend.Sudirman No.181, Brebes",JAWA TENGAH,Rumah Sakit,-6.874686,109.046379
267,594,33,3328011,RS Umum Daerah dr. Soeselo Slawi Kabupaten Tegal,Jl. Dr. Sutomo No.63 Desa Slawi Kulon Kecamatan Slawi,JAWA TENGAH,Rumah Sakit,-6.983511,109.140495
268,596,33,3327032,RS Umum Islam Moga,"Jl. Raya Moga-Pulosari km.02 ,Pemalang",JAWA TENGAH,Rumah Sakit,-6.901419000000001,109.41253700000001
269,598,33,3326049,RS Umum Daerah Bendan Kota Pekalongan,"   Jl. Sriwijaya No.2,Pekalongan",JAWA TENGAH,Rumah Sakit,-6.894569000000001,109.660103
270,599,33,3326038,RS Umum Daerah Kajen Kab.Pekalongan,Jl. Raya Karangsari Karanganyar Kab. Pekalongan,JAWA TENGAH,Rumah Sakit,-6.988967,110.446152
271,602,33,3325015,RS Umum Daerah Kab. Batang,  Jl. Dr Sutomo No. 42 Batang,JAWA TENGAH,Rumah Sakit,-6.914681,109.719421
272,603,33,3324036,RS Umum Islam Kendal,"Jl. Ar.Rahmah No.17 Ds. Ngasinan, Weleri,Kendal",JAWA TENGAH,Rumah Sakit,-6.9235690000000005,110.06745900000001
273,604,33,3324014,RS Umum Daerah Dr. H. Soewondo Kendal,"Jl. Laut No. 21, Kendal",JAWA TENGAH,Rumah Sakit,-6.920664,110.196671
274,605,33,3323050,RS Umum PKU Muhammadiyah Temanggung,JL. RAYA KEDU KM 2 KALISAT CAMPURSARI BULU TEMANGGUNG,JAWA TENGAH,Rumah Sakit,-7.291367,110.17336999999999
275,608,33,3323013,RS Umum Daerah Djojonegoro Temanggung,  Jl.GAJAHMADA 1A ,JAWA TENGAH,Rumah Sakit,-7.315014,110.178619
276,610,33,3322023,RS Umum Daerah Ungaran," Jl. Diponegoro 125,Ungaran",JAWA TENGAH,Rumah Sakit,-7.134375,110.404175
277,611,33,3322012,RS Umum Daerah Ambarawa,"  Jl. Kartini No.101, Ambarawa",JAWA TENGAH,Rumah Sakit,-6.956403,110.42201999999999
278,613,33,3320089,RS Umum PKU Muhammadiyah Mayong,Jl. Pegadaian No. 12 Mayong Jepara,JAWA TENGAH,Rumah Sakit,-6.750489999999999,110.75617199999999
279,615,33,3320021,RS Umum Daerah Kelet Provinsi Jawa Tengah,Jl. Raya Kelet KM 33 Jepara,JAWA TENGAH,Rumah Sakit,-6.495911,110.901711
280,616,33,3320010,RS Umum Daerah R. A. Kartini,Jl. K.H. Wahid Hasyim Jepara,JAWA TENGAH,Rumah Sakit,-6.597322,110.67489599999999
281,620,33,3319032,RS Umum Mardi Rahayu,"Jl. AKBP R Agil 110,Kudus",JAWA TENGAH,Rumah Sakit,-6.830056,110.831276
282,621,33,3319010,RS Umum Daerah dr. Loekmono Hadi,"    Jl. Dr. Lukmonohadi No.19,Kudus",JAWA TENGAH,Rumah Sakit,-6.819756,110.83596000000001
283,624,33,3318086,RS Umum Daerah Kayen Pati,Jl. Rumah Sakit No.1 Kayen Pati,JAWA TENGAH,Rumah Sakit,-6.894711,110.985863
284,626,33,3318064,RS Umum Islam Pati,Jl. Raya Pati-Tayu KM.18Waturoyo Margoyoso Pati,JAWA TENGAH,Rumah Sakit,-6.604497,111.05310800000001
285,627,33,3318016,RS Umum Daerah RAA Soewondo, Jl. Dr Soesanto  No. 114,JAWA TENGAH,Rumah Sakit,-6.738436,111.043365
286,629,33,3316051,RS Umum PKU Muhammadiyah Cepu,"Jl. Ronggolawe No.137,Cepu",JAWA TENGAH,Rumah Sakit,-6.971972,111.451256
287,630,33,3316025,RS Umum Daerah Dr. R. Soeprapto Cepu," Jl. Ronggolawe No. 50,Cepu",JAWA TENGAH,Rumah Sakit,-7.1485389999999995,111.59477199999999
288,631,33,3316014,RS Umum Daerah Dr. R. Soetijono Blora,"  Jl. Dr Sutomo No. 42,Blora Jawa Tengah",JAWA TENGAH,Rumah Sakit,-6.971139,111.42116499999999
289,639,33,3313042,RS Ibu dan Anak Dian Pertiwi," Jl. Lawu Papahan, Tasikmadu Karanganyar ",JAWA TENGAH,Rumah Sakit,-7.605706,110.975021
290,642,33,3313011,RS Umum Daerah Karanganyar,Jl. Laksda Yos Sudarso Karanganyar,JAWA TENGAH,Rumah Sakit,-7.596503,110.95095800000001
291,644,33,3312295,RS Umum Medika Mulya,"Jl. Raya Wonogiri-Ngadirojo KM.5,Wonogiri",JAWA TENGAH,Rumah Sakit,-7.76695,110.99421699999999
292,645,33,3312284,RS Umum Muhammadiyah Selogiri,"Jl. Lama Bulak, RT.02, RW.04 Desa Nambangan Selogiri, Wonogiri",JAWA TENGAH,Rumah Sakit,-7.759542,110.883705
293,646,33,3312273,RS Umum Marga Husada,"Jl. Letjen S.Parman No. 4 Selogiri,Wonogiri",JAWA TENGAH,Rumah Sakit,-7.789589,110.897682
294,647,33,3312021,RS Umum Maguan Husada,"Jl. Raya Praci-gribelah Km.6 Suci, Pracimantoro",JAWA TENGAH,Rumah Sakit,-8.055306,110.808304
295,649,33,3311213,RS Umum Nirmala Suri,"Jl. Raya Solo Sukoharjo Km.9, Sukoharjo",JAWA TENGAH,Rumah Sakit,-7.653356,110.835205
296,650,33,3311027,RS Khusus Bedah Karima Utama," Jl. Amarta 8-10 Ngabeyan Kartasura, Sukoharjo ",JAWA TENGAH,Rumah Sakit,-7.400447,109.79324299999999
297,651,33,3311016,RS Umum Daerah Ir. Soekarno Kabupaten Sukoharjo,"Jl. Dr. Muwardi 71, Sukoharjo",JAWA TENGAH,Rumah Sakit,-7.680761,110.85224199999999
298,652,33,3310416,RS Umum PKU Muhammdiyah DI,"Jl. Raya Delanggu Utara No. 19, Delanggu",JAWA TENGAH,Rumah Sakit,-7.619514,110.698753
299,653,33,3310405,RS Khusus Bedah Diponegoro,"Jl. Diponegoro No.21,Klaten",JAWA TENGAH,Rumah Sakit,-7.709558,110.614632
300,655,33,3310384,RS Umum Islam Klaten,"Jl. Raya Klaten Solo KM 4,Klaten",JAWA TENGAH,Rumah Sakit,-7.6865,110.6362
301,657,33,3310026,RS Jiwa Daerah Dr. RM. Soedjarwadi,"Jalan Ki Pandanaran Km. 2, Klaten",JAWA TENGAH,Rumah Sakit,-7.736994,110.590645
302,658,33,3310015,RS Umum Pusat Dr. Soeradji Tirtonegoro,"Jl. KRT. Suraji Tirtonegoro No.1, Klaten",JAWA TENGAH,Rumah Sakit,-7.715178,110.58815
303,659,33,3309107,RS Umum Daerah Simo,"    Jl. Kebon Ijo Ds.Simo Kec.Simo, Boyolali",JAWA TENGAH,Rumah Sakit,-7.4371279999999995,110.675591
304,660,33,3309096,RS Umum Daerah Waras Wiris, Jl. Raya Karanggede - Gemolong Km. 13 Andong Kab.Boyolali ,JAWA TENGAH,Rumah Sakit,-7.431564,110.68840800000001
305,665,33,3309015,RS Umum Daerah Pandan Arang Boyolali,Jl. Kantil No. 14 Boyolali,JAWA TENGAH,Rumah Sakit,-7.532997,110.590515
306,666,33,3308014,RS Umum Daerah Muntilan Kab. Magelang,Jl. Kartini No.13 Muntilan,JAWA TENGAH,Rumah Sakit,-7.584111,110.29081699999999
307,667,33,3307050,RS Umum Islam Wonosobo,Jl. Letjen S. Parman Km.3 Wonosobo,JAWA TENGAH,Rumah Sakit,-7.368678,109.92742199999999
308,669,33,3307013,RS Umum Setjonegoro Wonosobo," Jl. Setjonegoro No.1,Wonosobo",JAWA TENGAH,Rumah Sakit,-7.3514,109.905479
309,673,33,3306023,RS Umum Aisyiyah,"Jl. Mayjend Soetoyo no 113, Purworejo",JAWA TENGAH,Rumah Sakit,-7.712914,110.016594
310,674,33,3306012,RS Umum Daerah Dr. Tjitrowardojo Purworejo,  Jl. Jen Sudirman No.60 Purworejo,JAWA TENGAH,Rumah Sakit,-7.7196169999999995,109.996475
311,678,33,3305081,RS Umum Wijayakusuma,"Jl. Gelatik No.1 Panjer, Kebumen",JAWA TENGAH,Rumah Sakit,-7.671208,109.660706
312,681,33,3304032,RS Umum Islam Banjarnegara,Jl Raya Bawang KM 9 Banjarnegara,JAWA TENGAH,Rumah Sakit,-7.4014169999999995,109.61611200000002
313,686,33,3302191,RS Umum Daerah Ajibarang,"    Jl. Raya Pancasan No.1,Ajibarang Banyumas",JAWA TENGAH,Rumah Sakit,-7.403339,109.09556599999999
314,691,33,3302143,RS Umum Hidayah Purwokerto,Jl. Supriyadi No. 22 Purwokerto,JAWA TENGAH,Rumah Sakit,-7.426667,109.25805700000001
315,693,33,3302121,RS Ibu dan Anak Amanah,Jl Raya Kebokura No.37 Kec Sumpiuh Kab Banyumas,JAWA TENGAH,Rumah Sakit,-7.613278,109.35968799999999
316,698,33,3302026,RS Umum Daerah Prof Dr. Margono Soekarjo Purwoker, Jl. Dr Gumbreg No. 1 Purwokerto,JAWA TENGAH,Rumah Sakit,-7.431653,109.24744399999999
317,699,33,3302015,RS Umum Daerah Banyumas, Jl. Rumah Sakit No.1 Banyumas,JAWA TENGAH,Rumah Sakit,-7.530239,109.292
318,701,33,3301095,RS Bersalin Annisa,Jl. Gatot Subroto 31 A Cilacap,JAWA TENGAH,Rumah Sakit,-7.7168470000000005,109.01471699999999
319,702,33,3301084,RS Umum Daerah Majenang, Jl. Dr. Soetomo No. 54 Majenang,JAWA TENGAH,Rumah Sakit,-7.729342,109.021355
320,703,33,3301073,RS Umum Islam Fatimah,Jl. Ir.H.Juanda No.20 Cilacap,JAWA TENGAH,Rumah Sakit,-7.69215,109.024002
321,704,33,3301036,RS Umum Pertamina Cilacap,"Jl. Dr.Setiabudi Tegal Katilayu, Cilacap",JAWA TENGAH,Rumah Sakit,-7.702478,109.041519
322,705,33,3301014,RS Umum Daerah Cilacap,    Jl. Gatot Subroto 28 Cilacap RT 04 / RW O5,JAWA TENGAH,Rumah Sakit,-7.717258,109.01514399999999
323,706,34,3471373,RS Happy Land Medical Centre,Jl Ipda Tut Harsono No.53 Timoho Yogyakarta,DI YOGYAKARTA,Rumah Sakit,-7.790475,110.39353899999999
324,713,34,3471282,RS Ludira Husada Tama,"Jl Wiratama 4 Tegalrejo, Yogyakarta",DI YOGYAKARTA,Rumah Sakit,-7.792467,110.353073
325,714,34,3471271,RS Khusus Bedah Soedirman,Jl Sidobali UH II No. 402 Mujamuju Yogyakarta,DI YOGYAKARTA,Rumah Sakit,-7.797286,110.394035
326,716,34,3471234,RS Umum Daerah Kota Yogyakarta,Jl Wirosaban No. 1 Yogyakarta,DI YOGYAKARTA,Rumah Sakit,-7.825861,110.377998
327,718,34,3471096,RS Mata Dr. Yap,Jl Cik Di Tiro No. 5 Yogyakarta,DI YOGYAKARTA,Rumah Sakit,-7.780011,110.375
328,720,34,3471074,RSPAU Dr. Suhardi Harjolukito,         Jl. Raya Janti Blok O Yogyakarta,DI YOGYAKARTA,Rumah Sakit,-7.790572,110.410645
329,721,34,3471063,RS Bethesda Yogyakarta,Jl Jend. Sudirman No. 70 Kotabaru Yogyakarta,DI YOGYAKARTA,Rumah Sakit,-7.7836110000000005,110.376999
330,722,34,3471052,RS Umum Panti Rapih,Jl. Cik Di Tiro 30 Yogyakarta,DI YOGYAKARTA,Rumah Sakit,-7.776339,110.375999
331,723,34,3471041,RS PKU Muhammadiyah Yogyakarta,Jl K.H. Ahmad Dahlan No. 20 Ngupasan Gondomanan Yogyakarta,DI YOGYAKARTA,Rumah Sakit,-7.8006,110.36200000000001
332,724,34,3471030,RS Tk. III 04.06.03 Dr. Soetarto,Jl Juwadi 19 Kotabaru Yogyakarta,DI YOGYAKARTA,Rumah Sakit,-7.78575,110.37664
333,725,34,3471026,RS Islam Hidayatullah Yogyakarta,Jl Veteran No.184 Pandeyan Umbulharjo Yogyakarta,DI YOGYAKARTA,Rumah Sakit,-7.815405999999999,110.387794
334,726,34,3404168,RS Umum Daerah Prambanan,"Jl Prambanan Piyungan Km.7, Delegan, Sumberharjo, Prambanan, Sleman ",DI YOGYAKARTA,Rumah Sakit,-7.814464,110.482033
335,727,34,3404157,RS Umum Sakina Idaman,"Jl Nyi Tjondroloekito No. 60, Sinduadi, Mlati, Sleman",DI YOGYAKARTA,Rumah Sakit,-7.76955,110.368431
336,728,34,3404146,RS Islam Yayasan PDHI,"Jl Solo Km 12,5 Kalasan Yogyakarta",DI YOGYAKARTA,Rumah Sakit,-7.776886,110.457054
337,729,34,3404124,RS Umum Panti Nugroho,"Jl. Kaliurang  Km.17 Pakem,Sleman",DI YOGYAKARTA,Rumah Sakit,-7.669028,110.417496
338,730,34,3404102,RS Umum Panti Rini,"Jl Solo Km 12,5 Krajan Tirtomartani Kalasan Sleman Yogyakarta ",DI YOGYAKARTA,Rumah Sakit,-7.771761,110.467003
339,731,34,3404092,RSU Puri Husada Yogyakarta,Jl. Palagan Tentara Pelajar No.67 Km.11 Rejodani Ngaglik Sleman ,DI YOGYAKARTA,Rumah Sakit,-7.705728,110.386307
340,732,34,3404081,RS Umum Condong Catur,"Jl Manggis No.6, Gempol, Condong Catur Sleman ",DI YOGYAKARTA,Rumah Sakit,-7.696006,110.345825
341,733,34,3404070,RSK Bedah An-Nur,Jl. Colombo No. 14-16 Sleman Yogyakarta,DI YOGYAKARTA,Rumah Sakit,-7.777183,110.38436899999999
342,734,34,3404056,RS Jih,Jl Ring Road Utara no. 160 Condongcatur Depok,DI YOGYAKARTA,Rumah Sakit,-7.759047,110.40299999999999
343,735,34,3404045,RS Umum Queen Latifa,Jl Ring Road Barat - Mlangi - Nogotirto - Sleman ,DI YOGYAKARTA,Rumah Sakit,-7.696006,110.345825
344,736,34,3404033,RS Umum Panti Baktiningsih,"Klepu Sendangmulyo Minggir, Sleman",DI YOGYAKARTA,Rumah Sakit,-7.756089,110.245003
345,737,34,3404022,RS Jiwa Grhasia,Jl. Kaliurang Km. 17 Pakem Sleman DIY,DI YOGYAKARTA,Rumah Sakit,-7.688728,110.418732
346,738,34,3404015,RSUP Dr. Sardjito,Jl Kesehatan No.1 Sekip Yogyakarta ,DI YOGYAKARTA,Rumah Sakit,-7.768511,110.374001
347,739,34,3404011,RS Umum Daerah Sleman,"Jl Bhayangkara 48 Triharjo Sleman Daerah Istimewa Yogyakarta, 55514",DI YOGYAKARTA,Rumah Sakit,-7.687569,110.342003
348,741,34,3403010,RS Umum Daerah Wonosari,Jl Taman Bakti No. 06 Wonosari,DI YOGYAKARTA,Rumah Sakit,-7.96205,110.602997
349,742,34,3402086,RS Rajawali Citra,"Jl Pleret Km.2,5, Banjardadap Potorono Banguntapan Bantul ",DI YOGYAKARTA,Rumah Sakit,-7.88555,110.330025
350,743,34,3402075,RS Umum Permata Husada,Jl Pleret-Kotagede Km. 4  Kauman Pleret,DI YOGYAKARTA,Rumah Sakit,-7.88555,110.330025
351,744,34,3402064,RS Umum Rachma Husada, Jl Parantritis Km.16 Gerselo Patalan Jetis Bantul ,DI YOGYAKARTA,Rumah Sakit,-7.9096,110.35226399999999
352,746,34,3402031,RSU PKU Muhammadiyah Bantul,Jl Jenderal Sudirman 124 Bantul,DI YOGYAKARTA,Rumah Sakit,-7.886867,110.330215
353,747,34,3402020,RS Umum Santa Elisabeth,Ganjuran Sumbermulyo Bambanglipuro,DI YOGYAKARTA,Rumah Sakit,-7.88555,110.330025
354,748,34,3402016,RS Umum Daerah Panembahan Senopati,Jl Dr. Wahidin Sudiro Husodo Bantul,DI YOGYAKARTA,Rumah Sakit,-7.892725,110.337746
355,749,34,3401048,RS Umum Kharisma Paramedika,"Jl. Khudori No.34, Wates, Kulon Progo ",DI YOGYAKARTA,Rumah Sakit,-7.893206,110.12782299999999
356,751,34,3401026,RS Umum St Yusup Boro,Boro Banjarasri Kalibawang Kulon Progo,DI YOGYAKARTA,Rumah Sakit,-7.826681,110.16408500000001
357,752,34,3401015,RS Umum Daerah Wates,Jl Tentara Pelajar Km.1 No.5 Wates Kulon Progo,DI YOGYAKARTA,Rumah Sakit,-7.893206,110.12782299999999
358,754,35,3578764,RS Bhayangkara TK II HS. Samsoeri Mertojoso,"Jl. A. Yani No.116, Surabaya",JAWA TIMUR,Rumah Sakit,-7.340028,112.70026399999999
359,763,35,3578571,RS Umum Daerah dr. Mohamad Soewandhie,Jl. Tambakrejo No. 45-47 Surabaya,JAWA TIMUR,Rumah Sakit,-7.246131,112.758003
360,765,35,3578523,RS Umum Haji Surabaya, Jl. Manyar Kertoadi  Surabaya,JAWA TIMUR,Rumah Sakit,-7.282331,112.779587
361,769,35,3578213,RS Umum Daerah Bhakti Dharma Husada,"Jl. Raya Kendung No.115-117, Surabaya ",JAWA TIMUR,Rumah Sakit,-7.253378,112.634918
362,771,35,3578192,RS Jiwa Menur,Jl. Menur No. 120 Surabaya,JAWA TIMUR,Rumah Sakit,-7.28675,112.762001
363,774,35,3578122,RS Umum Tk. III Brawijaya,Jl. Kesatrian No.17 Surabaya,JAWA TIMUR,Rumah Sakit,-7.29785,112.725182
364,783,35,3578016,RS Umum Daerah Dr. Soetomo," Jl. Mayjend. Prof. Dr. Moestopo No. 6 - 8 Surabaya, Jawa Timur",JAWA TIMUR,Rumah Sakit,-7.266681,112.758224
365,784,35,3577085,RS Umum Daerah Kota Madiun,Jl. Campursari No.12B Madiun,JAWA TIMUR,Rumah Sakit,-7.626594,111.522278
366,785,35,3577074,RS Umum Islam Siti Aisyah,"Jl. Mayjen SungkoNo. 38 Kel. Nambangan Lor, kec. Mangunharjo, Kota Madiun",JAWA TIMUR,Rumah Sakit,-7.632469,111.51226000000001
367,788,35,3577015,RS Umum Daerah Dr. Soedono Madiun,"Jl. Dr. Soetomo 59, Madiun",JAWA TIMUR,Rumah Sakit,-7.6264330000000005,111.524124
368,793,35,3576014,RS Umum Dr. Wahidin Sudiro Husodo Kota Mojokerto,"  Jl. Raya Surodinawan Kel. Surodinawan, Kec. Prajurit Kulon, Kota Mojokerto",JAWA TIMUR,Rumah Sakit,-7.465089,112.437096
369,794,35,3575013,RS Umum Daerah Dr. R. Soedarsono Kota Pasuruan, Jl. Dr Wahidin Sudirohusodo No. 1-4 Kota Pasuruan,JAWA TIMUR,Rumah Sakit,-7.664211,112.899002
370,795,35,3574012,RS Umum Daerah dr. Mohamad Saleh Kota Probolinggo,  Jl. Mayjend Panjaitan No.65 Kota Probolinggo,JAWA TIMUR,Rumah Sakit,-7.74895,113.210327
371,798,35,3573066,RS Umum Lavalette Malang,  Jl. WR. Supratman No.10 Kota Malang,JAWA TIMUR,Rumah Sakit,-7.798761,112.636055
372,802,35,3573011,RS Umum Daerah Dr. Saiful Anwar,     Jl. Jaksa Agung Suprapto No.2 Malang,JAWA TIMUR,Rumah Sakit,-7.964533,112.63171399999999
373,805,35,3572010,RS Umum Daerah Mardi Waluyo," Jl. Kalimantan 113, Kota Blitar",JAWA TIMUR,Rumah Sakit,-8.072881,112.166496
374,808,35,3571053,RS Kusta Kediri,"Jl. Veteran No. 48, Kediri",JAWA TIMUR,Rumah Sakit,-7.811458,111.99717700000001
375,810,35,3571031,RS Umum Bhayangkara Kediri,Jl. Kombes Pol Duryat 17 Kediri,JAWA TIMUR,Rumah Sakit,-7.812461,112.01781499999998
376,812,35,3571016,RS Umum Daerah Gambiran,JL. KAPTEN PIERRE TENDEAN NO. 16 KOTA KEDIRI,JAWA TIMUR,Rumah Sakit,-7.81595,112.004997
377,813,35,3529014,RS Umum Daerah dr. H. Moh. Anwar,  Jl. Dr Cipto No. 42 Desa Kolor Kab. Sumenep,JAWA TIMUR,Rumah Sakit,-7.015333,113.863731
378,815,35,3527012,RS Umum Daerah Kab. Sampang,"Jl. Rajawali No. 10, Sampang",JAWA TIMUR,Rumah Sakit,-7.151122,113.26768500000001
379,816,35,3526011,RS Umum Daerah Syarifah Ambami Rato Ebu,  Jl. Pemuda Kaffa No. 9 Bangkalan,JAWA TIMUR,Rumah Sakit,-7.029261,112.75927
380,817,35,3525076,RS Petrokimia Gresik,"Jl. Jend. A. Yani No. 69 Kel. Ngipik, Kec. Ngipik, Kab. Gresik",JAWA TIMUR,Rumah Sakit,-7.156844,112.64003000000001
381,818,35,3525043,RS Ibu dan Anak Nyai Ageng Pinatih Gresik,Jl. KH Abdul Karim 76-78 Gresik,JAWA TIMUR,Rumah Sakit,-7.156886,112.65213
382,819,35,3525021,RS Semen Gresik,"Jl. R A Kartini No. 280 Kel. Tlogopatut Kec. Gresik, Kab. Gresik",JAWA TIMUR,Rumah Sakit,-7.165831,112.641998
383,820,35,3525010,RS Umum Daerah Ibnu Sina Kab. Gresik,Jl. Dr. Wahidin Sudirohusodo No. 243B Gresik,JAWA TIMUR,Rumah Sakit,-7.1617809999999995,112.65142800000001
384,822,35,3524020,RS Islam Nashrul Ummah,"  Jl. Merpati No.62, Lamongan",JAWA TIMUR,Rumah Sakit,-7.1163419999999995,112.419655
385,823,35,3524016,RS Umum Daerah Dr. Soegiri Lamongan,Jl. Kusuma Bangsa No. 7 Lamongan,JAWA TIMUR,Rumah Sakit,-7.1141309999999995,112.41100300000001
386,826,35,3523015,RS Umum Daerah Dr. R. Koesma Tuban, Jl. dr. Wahidin Sudiro Husodo No. 800,JAWA TIMUR,Rumah Sakit,-6.899583,112.04616499999999
387,827,35,3522058,RS umum Daerah Padangan,"Jl. Dr. Soetomo No. 2 Padangan, Bojonegoro",JAWA TIMUR,Rumah Sakit,-7.160639,111.63351399999999
388,828,35,3522047,RS Umum Daerah Sumberrejo,"Jl. Raya No. 231 Sumberrejo, Bojonegoro",JAWA TIMUR,Rumah Sakit,-7.142939,111.89828500000002
389,830,35,3522014,RS Umum Daerah Dr. R. Sosodoro Djatikoesoemo," Jl. Veteran No 36, Bojonegoro",JAWA TIMUR,Rumah Sakit,-7.142939,111.89828500000002
390,831,35,3521013,RS Umum Daerah Dr. Soeroto Ngawi,    Jl. Dr Wahidin no,JAWA TIMUR,Rumah Sakit,-7.392681,111.445
391,833,35,3520012,RS Umum Daerah dr. Sayidiman Magetan, Jl. Pahlawan No.2 Magetan,JAWA TIMUR,Rumah Sakit,-7.652836,111.334923
392,834,35,3519012,RS Paru Dungus,Jl. Raya Dungus - Wungu Madiun,JAWA TIMUR,Rumah Sakit,-7.665541999999999,111.58098600000001
393,835,35,3518022,RS Umum Daerah Kertosono,Jl. Panglima Sudirman No.16 Kertosono.,JAWA TIMUR,Rumah Sakit,-7.592636,112.125847
394,836,35,3518011,RS Umum Daerah Nganjuk,"Jl. Dr. Sutomo 62, Nganjuk",JAWA TIMUR,Rumah Sakit,-7.661178,111.872345
395,841,35,3517010,RS Umum Daerah Kab. Jombang,"Jl. KH.W Hasyim 52, Jombang",JAWA TIMUR,Rumah Sakit,-7.537539,112.23082
396,842,35,3516073,RS Umum Daerah Raden Achmad Basoeni,"Jl. Raya Gedeg No.17, Kec. Gedeg, Kab.Mojokerto",JAWA TIMUR,Rumah Sakit,-7.4559940000000005,112.409798
397,845,35,3516020,RS Umum Daerah Prof. Dr. Soekandar,   Jl. Hayam Wuruk 25 Mojosari Kab. Mojokerto,JAWA TIMUR,Rumah Sakit,-7.462764,112.435043
398,846,35,3516016,RS Umum Sumberglagah Mojokerto, Dsn. Sumberglagah Ds. Tanjungkenongo Kec. Pacet Mojokerto,JAWA TIMUR,Rumah Sakit,-7.661517,112.537224
399,847,35,3515121,RS Umum Anwar Medika,Jl. Raya By Pass Krian KM 33 Semawut Balong Bendo Sidoarjo,JAWA TIMUR,Rumah Sakit,-7.4121690000000005,112.561089
400,853,35,3515015,RS Umum Daerah Sidoarjo,Jalan Mojopahit No. 667 Sidoarjo,JAWA TIMUR,Rumah Sakit,-7.465256,112.715652
401,854,35,3514036,RS Umum Daerah Bangil,Jl. Raya Raci - Bangil Kab. Pasuruan,JAWA TIMUR,Rumah Sakit,-7.608378,112.830528
402,856,35,3513067,RS Umum Daerah Tongas,  Jl. Raya Tongas No. 229 Kec. Tongas Kab. Probolinggo,JAWA TIMUR,Rumah Sakit,-7.735419,113.11950700000001
403,857,35,3513024,RS Graha Sehat,Jl. Raya Panglima Sudirman No.2 B Kraksaan,JAWA TIMUR,Rumah Sakit,-7.755953,113.43951399999999
404,858,35,3513013,RS Umum Daerah Waluyo Jati Kraksaan,Jl. Dr. Soetomo No. 1 Kec. Kraksaan Kab. Probolinggo,JAWA TIMUR,Rumah Sakit,-7.761831,113.437401
405,860,35,3512012,RS Umum Daerah dr. Abdoer Rahem Kabupaten Situbon,"Jl. Anggrek No. 68, Kel. Patokan, Kec. Situbondo, Kab. Situbondo",JAWA TIMUR,Rumah Sakit,-7.702980999999999,114.014771
406,861,35,3511011,RS Umum dr. H.Koesnadi Bondowoso, Jl. Piere Tendean No. 3 Bondowoso,JAWA TIMUR,Rumah Sakit,-8.215011,114.377457
407,862,35,3510102,RS Nahdlatul Ulama Banyuwangi,"Jl. Raya Mangir No. 9, Kec. Rogojampi, Banyuwangi",JAWA TIMUR,Rumah Sakit,-8.337369,114.27256799999999
408,863,35,3510054,RS Islam Fatimah,"Jl. Jember nomor 25, Kelurahan Kalirejo, Kab. Banyuwangi",JAWA TIMUR,Rumah Sakit,-8.261633,114.334053
409,864,35,3510043,RS Umum Daerah Genteng,"   Jl. Hasanudin No.98, Genteng, Banyuwangi",JAWA TIMUR,Rumah Sakit,-8.36405,114.147774
410,865,35,3510010,RS Umum Daerah Blambangan,  Jl. Letkol Istiqlah No. 49 Banyuwangi,JAWA TIMUR,Rumah Sakit,-8.236286,114.35823799999999
411,866,35,3509134,RS Daerah Balung Jember,"Jl. Rambipuji nomor 19, Balung Jember",JAWA TIMUR,Rumah Sakit,-8.271042,113.53930700000001
412,867,35,3509123,RS Daerah Kalisat Jember, Jl. M.H.Thamrin No.31 Kalisat Jember,JAWA TIMUR,Rumah Sakit,-8.201456,113.671982
413,870,35,3509043,RS Paru Jember,Jl. Nusa Indah No. 28 Jember,JAWA TIMUR,Rumah Sakit,-8.160664,113.70050800000001
414,873,35,3509010,RS Umum Daerah Dr. Soebandi,"Jl. Dr. Soebandi No.124, Jember",JAWA TIMUR,Rumah Sakit,-8.156189,113.71539299999999
415,875,35,3508016,RS Daerah Dr. Haryoto Kabupaten Lumajang,"  Jl. Basuki Rahmat No.5, Lumajang",JAWA TIMUR,Rumah Sakit,-8.122275,113.227776
416,877,35,3507204,RS Umum Islam Gondang Legi,"Jl. Hayam Wuruk 66, Gondang Legi Wetan, Kab. Malang",JAWA TIMUR,Rumah Sakit,-8.170653,112.63996100000001
417,879,35,3507085,RS Umum Daerah Lawang,JL. R.A. Kartini No. 5 Lawang Kab. Malang,JAWA TIMUR,Rumah Sakit,-7.839828,112.676147
418,881,35,3507052,RS Umum Daerah Kanjuruhan Kepanjen,"Jl. Panji No. 100 Kepanjen, Kab. Malang",JAWA TIMUR,Rumah Sakit,-8.140542,112.570847
419,882,35,3507026,RS Jiwa Dr. Radjiman Wediodiningrat Lawang,"Jl. A. Yani, Lawang, Malang, Jawa Timur ",JAWA TIMUR,Rumah Sakit,-7.839828,112.676147
420,884,35,3506036,RS Umum Amelia,Jl. Pahlawan No. 25A Pare Kediri,JAWA TIMUR,Rumah Sakit,-7.761606,112.180458
421,886,35,3506014,RS Umum Daerah Kabupaten Kediri,Jl. Pahlawan Kusuma Bangsa No. 1 Pare,JAWA TIMUR,Rumah Sakit,-7.759758000000001,112.17598000000001
422,887,35,3505054,RS Umum An-Nisaa,"Jl. Suparyono Timur No. 1, Bajang Talun Blitar",JAWA TIMUR,Rumah Sakit,-8.090083,112.288261
423,888,35,3505013,RS Umum Daerah Ngudi Waluyo Wlingi,Jl. Dr. Sucipto No. 5 Wlingi,JAWA TIMUR,Rumah Sakit,-8.0838,112.31556699999999
424,891,35,3504012,RS Umum Daerah Dr. Iskak Tulungagung,Jl. Dr. Wahidin Sudiro Husodo Tulungagung,JAWA TIMUR,Rumah Sakit,-8.060617,111.90761599999999
425,893,35,3503011,RS Umum Daerah dr. Soedomo Trenggalek,Jl. dr Sutomo Nomor 2 Trenggalek,JAWA TIMUR,Rumah Sakit,-7.6264330000000005,111.524124
426,896,35,3502112,RS Umum Aisyiah Ponorogo,"Jl. Dr Sutomo 18 - 24, Ponorogo",JAWA TIMUR,Rumah Sakit,-7.872197,111.46131100000001
427,897,35,3502010,RS Umum Daerah Dr. Harjono S. Kabupaten Ponorogo,Jl. Raya Ponorogo-Pacitan Kel. Pakunden Kab. Ponorogo,JAWA TIMUR,Rumah Sakit,-7.854103,111.46853600000001
428,898,35,3501016,RS Umum Daerah dr. Darsono,Jl. Ahmad Yani 51 Pacitan,JAWA TIMUR,Rumah Sakit,-8.20125,111.102043
429,902,36,3674056,RS Islam Asshobirin,Jl Raya Serpong Km 11 Pondok Jagung Tangerang Selatan,BANTEN,Rumah Sakit,-6.318589,106.678261
430,906,36,3671146,RS Umum Bhakti Asih,"Jl. Raden saleh No.10 Karang Tengah, Tangerang",BANTEN,Rumah Sakit,-6.221147,106.70576499999999
431,915,36,3671032,RS Kusta Dr. Sitanala,Jl. Dr Sitanala No. 99 Kota Tangerang,BANTEN,Rumah Sakit,-6.162642,106.63368999999999
432,927,36,3603010,RS Umum Daerah Kabupaten Tangerang,"Jl. A Yani No. 9 Tangerang, Kota Tangerang",BANTEN,Rumah Sakit,-6.170044,106.63546799999999
433,928,36,3602022,RS Misi Lebak,Jl. Multatuli No.41 Rangkas Bitung,BANTEN,Rumah Sakit,-6.369178,106.28311200000002
434,929,36,3602011,RS Umum Daerah Dr. Adjidarmo,Jl. Iko Jatmiko No.1 Rangkasbitung,BANTEN,Rumah Sakit,-6.369178,106.28311200000002
435,930,36,3601010,RS Umum Daerah Berkah Pandeglang,       Jalan Raya Labuan KM 5 Cikoneng Pandeglang,BANTEN,Rumah Sakit,-7.31775,108.281906
436,943,51,5171020,RS Umum Daerah Wangaya,  Jl. Kartini No.133 Denpasar,BALI,Rumah Sakit,-8.648956,115.213402
437,944,51,5171016,RSUP Sanglah,Jl. Diponegoro Denpasar Bali,BALI,Rumah Sakit,-8.676161,115.213104
438,949,51,5108016,RS Umum Daerah Kab. Buleleng,     Jl. Ngurah Rai 30 Singaraja,BALI,Rumah Sakit,-8.119911,115.09236899999999
439,950,51,5107015,RS Umum Daerah Karangasem,"Jl. Ngurah Rai,No.58 Amlapura",BALI,Rumah Sakit,-8.45725,115.606499
440,951,51,5106025,RS Jiwa Provinsi Bali,Jl.Kusuma Yudha No. 29 Bangli,BALI,Rumah Sakit,-8.454211,115.351997
441,952,51,5106014,RS Umum Daerah Kabupaten Bangli, Jl. Brigjen Ngurah Rai No. 99X Bangli,BALI,Rumah Sakit,-8.454267,115.352646
442,953,51,5105013,RS Umum Daerah Klungkung,Jl. Flamboyan No. 40 Semarapura,BALI,Rumah Sakit,-8.538569,115.395096
443,954,51,5104012,RS Umum Daerah Sanjiwani Gianyar,    Jl. Ciung Wenara No.2 Gianyar,BALI,Rumah Sakit,-8.537967,115.32273899999998
444,955,51,5103032,RS Umum Daerah Kab. Badung Mangusada,"Jl. Raya Kapal Mengwi, Badung ",BALI,Rumah Sakit,-8.572281,115.180031
445,959,51,5102010,RS Umum Daerah Tabanan, Jl. Pahlawan No. 14 Tabanan,BALI,Rumah Sakit,-8.539283,115.131882
446,961,51,5101016,RS Umum Daerah Negara,  Jl. Wijaya Kusuma 17 Negara,BALI,Rumah Sakit,-8.354136,114.621796
447,962,52,5271087,RS Umum Daerah Kota Mataram,      Jl. Bung Karno No.3 Pagutan raya Mataram ,NUSA TENGGARA BARAT,Rumah Sakit,-8.581825,116.106834
448,968,52,5205014,RS Umum Dompu," Jl. Kesehatan No. 1 Dompu, NTB",NUSA TENGGARA BARAT,Rumah Sakit,-8.545436,118.445801
449,969,52,5204013,RS Umum Sumbawa Besar,  Jl. Garuda No. 5 Sumbawa Besar,NUSA TENGGARA BARAT,Rumah Sakit,-8.504042,117.428497
450,970,52,5203012,RS Umum Dr. R. Sudjono,"Jl. Prof M Yamin, SH. No. 55 Selong",NUSA TENGGARA BARAT,Rumah Sakit,-8.583647000000001,116.550583
451,972,52,5202011,RS Umum Praya,"    Jl. H. Lalu Hasyim, Kelurahan Tiwu Galih, Praya",NUSA TENGGARA BARAT,Rumah Sakit,-8.710367,116.2724
452,973,52,5201010,RS Umum Daerah Patut Patuh Patju,Jl. H. Lalu Anggrat BA No. 2 Gerung,NUSA TENGGARA BARAT,Rumah Sakit,-8.691361,116.112099
453,974,53,5371011,RS Umum Prof Dr WZ Johanes,  Jl. Dr Moch Hatta No. 19 Kupang,NUSA TENGGARA TIMUR,Rumah Sakit,-10.1843,123.59485600000001
454,976,53,5313015,RS Umum Daerah dr. Ben Mboi Ruteng,"  Jl. DR.Soetomo No.1 Ruteng, Kab. Manggarai",NUSA TENGGARA TIMUR,Rumah Sakit,-8.614364,120.466499
455,977,53,5312014,RS Umum Bajawa,"      Jl. Diponegoro No. 5, Bajawa",NUSA TENGGARA TIMUR,Rumah Sakit,-8.792325,120.96060200000001
456,979,53,5311013,RS Umum Daerah Ende,Jl. Prof Dr. WZ.Johanes Ende,NUSA TENGGARA TIMUR,Rumah Sakit,-8.854053,121.654198
457,981,53,5310012,RS Umum Dr TC Hillers Maumere,   Jl.Wairklau - Maumere,NUSA TENGGARA TIMUR,Rumah Sakit,-8.620842,122.20770300000001
458,983,53,5309012,RS Umum Daerah dr. Hendrikus Fernandez Larantuka, Jl. Jend. Sudirman No. 33 Kel. Sarotari Tengah Larantuka Flores Timur,NUSA TENGGARA TIMUR,Rumah Sakit,-8.346411,122.97917199999999
459,984,53,5308045,RS Umum Daerah Lewoleba,"   Jl.Trans Lembata No.1,Lewoleba,Lembata",NUSA TENGGARA TIMUR,Rumah Sakit,-8.373692,123.400024
460,986,53,5307021,RS Bergerak Kab.Alor,"Jln. MASANG, RT 08 RW 04 KEL. WELAI TIMUR, KEC. TELUK MUTIARA, KAB. ALOR",NUSA TENGGARA TIMUR,Rumah Sakit,-8.25,124.75
461,987,53,5307010,RS Umum Daerah Kalabahi,Jl. Dr Sutomo Kalabahi Kab. Alor,NUSA TENGGARA TIMUR,Rumah Sakit,-8.25,124.75
462,988,53,5306042,RS Penyangga Perbatasan Betun,Jl. Sukabihanawa No. 02 Desa Kamanasa Kec.Malaka Tengah,NUSA TENGGARA TIMUR,Rumah Sakit,-9.101069,124.890999
463,989,53,5306031,RS Sito Husada,"Jl. KH.Dewantara No.15,Atambua Belu",NUSA TENGGARA TIMUR,Rumah Sakit,-9.333333,124.900002
464,991,53,5306016,RS Umum Daerah MGR Gabriel Manek, Jl. Dr Sutomo No.2 Atambua,NUSA TENGGARA TIMUR,Rumah Sakit,-9.101069,124.890999
465,992,53,5305015,RS Umum Daerah Kefamenanu, Jl. Letjen Suprapto Kefamenanu,NUSA TENGGARA TIMUR,Rumah Sakit,-9.437953,124.471298
466,993,53,5304014,RS Umum Soe,   Jl. Boegenville No.7 Soe - Timor Tengah Selatan,NUSA TENGGARA TIMUR,Rumah Sakit,-9.696447000000001,124.481178
467,994,53,5303045,RS Umum Daerah Naibonat," Jl. Timor Raya KM.37 Oelamasi, Kupang",NUSA TENGGARA TIMUR,Rumah Sakit,-10.1843,123.59485600000001
468,995,53,5303033,RS Bhayangkara,Jl. Nangka No. 84 Kupang,NUSA TENGGARA TIMUR,Rumah Sakit,-10.1843,123.59485600000001
469,996,53,5303024,RSUD Rote Ndao Baa," Jl. Baa-Busalangga, Kab. Rote Ndao",NUSA TENGGARA TIMUR,Rumah Sakit,-10.1843,123.59485600000001
470,997,53,5303022,RS Tk.IV Wirasakti Kupang,"Jl. Dr.DR.Moch Hatta No.9-11 ,Kupang",NUSA TENGGARA TIMUR,Rumah Sakit,-10.1843,123.59485600000001
471,998,53,5302034,RS Umum Imanuel Sumba,"Jl. Nangka No.4,Waingapu-Sumba Timur",NUSA TENGGARA TIMUR,Rumah Sakit,-9.662806,120.266899
472,999,53,5302023,RS Umum Daerah Waingapu,  Jl. Adam Malik No.54 Kel. Kambajawa - Kecamatan Kota Waingapu,NUSA TENGGARA TIMUR,Rumah Sakit,-9.662806,120.266899
473,1001,53,5301033,RS Umum Waikabubak," Jl. Adhyaksa, Km.3, Kel. Diratana, Kec. Loli, Waikabubak",NUSA TENGGARA TIMUR,Rumah Sakit,-8.657383,121.079369
474,1003,53,5301011,RS Kristen Lende Moripa,Jl. El Tari No.2 Waikabubak,NUSA TENGGARA TIMUR,Rumah Sakit,-9.409536,119.245995
475,1006,61,6172066,RS Jiwa Provinsi Kalimantan Barat, Jl. Raya Singkawang Bengkayang KM 15 Singkawang,KALIMANTAN BARAT,Rumah Sakit,0.9087940000000001,108.984596
476,1008,61,6172011,RS Umum Daerah Dr. Abdul Aziz Singkawang,"Jl. Dr Soetomo No. 28, Singkawang",KALIMANTAN BARAT,Rumah Sakit,1.361328,109.309998
477,1010,61,6171113,RS Islam Yarsi Pontianak,Jl. Tanjung Raya II Pontianak,KALIMANTAN BARAT,Rumah Sakit,-0.022522,109.330307
478,1011,61,6171085,RS Bersalin Jeumpa Pontianak,Jl. St. Abdurrahman No. 54 Pontianak,KALIMANTAN BARAT,Rumah Sakit,-0.022522,109.330307
479,1012,61,6171067,RS Anton Soedjarwo Pontianak,Jl. K. S. Tubun 14 Pontianak ,KALIMANTAN BARAT,Rumah Sakit,-0.022522,109.330307
480,1015,61,6171011,RS Umum Daerah Dr. Soedarso Pontianak,Jl. dr. Soedarso No.1 Pontianak,KALIMANTAN BARAT,Rumah Sakit,-0.022522,109.330307
481,1017,61,6110012,RS Umum Daerah Kabupaten Melawi,Jl. Kelakik KM. 4 Nanga Pinoh Kabupaten Melawi,KALIMANTAN BARAT,Rumah Sakit,0.083333,111.48333000000001
482,1018,61,6109012,RS Umum Daerah Kabupaten Sekadau,Jl. Merdeka Timur KM. 06 Ds. Mungguk Kec. Sekadau Hilir Kab. Sekadau,KALIMANTAN BARAT,Rumah Sakit,0.015081,110.888603
483,1019,61,6108011,RS Umum Daerah dr. A. Diponegoro Putussibau,Jl. Kom Yos Sudarso No.42 Putussibau,KALIMANTAN BARAT,Rumah Sakit,0.8514079999999999,112.93229699999999
484,1020,61,6107010,RS Umum Daerah Ade Muhammad Djoen Sintang,Jl. Patimura dan Jl.YC Oevang Oeray Sintang,KALIMANTAN BARAT,Rumah Sakit,0.080239,111.495499
485,1021,61,6106020,RS Fatima Ketapang,Jl. Jend. Sudirman No.27 Ketapang,KALIMANTAN BARAT,Rumah Sakit,-1.8590970000000002,109.971901
486,1022,61,6106016,RS Umum Daerah Dr. Agoesdjam Ketapang,Jl. Panjaitan No.51 Ketapang,KALIMANTAN BARAT,Rumah Sakit,-1.8590970000000002,109.971901
487,1024,61,6105015,RS Umum Daerah M. Th. Djaman Sanggau,Jl. Jend Sudirman Sanggau,KALIMANTAN BARAT,Rumah Sakit,0.119275,110.597298
488,1025,61,6104014,RS Umum Daerah Dr. Rubini Mempawah,Jalan Raden Kusno Mempawah,KALIMANTAN BARAT,Rumah Sakit,-0.022522,109.330307
489,1026,61,6103013,RS Umum Daerah Kabupaten Landak,Jl. Raya Ngabang Sanggau No.109 Kecamatan Ngabang Kabupaten Landak,KALIMANTAN BARAT,Rumah Sakit,-7.042153,112.89679699999999
490,1028,61,6102012,RS Umum Daerah Bengkayang,Jl. Sanggau Ledo ,KALIMANTAN BARAT,Rumah Sakit,-0.278781,111.47528799999999
491,1030,61,6101033,RS Umum Daerah Pemangkat, Jalan. Abdul Kadir Kasim No. 20 Pemangkat,KALIMANTAN BARAT,Rumah Sakit,1.175333,108.970398
492,1031,61,6101022,RS Umum Daerah Sambas,Jl. Pendidikan no 300 Kecamatan Sambas,KALIMANTAN BARAT,Rumah Sakit,1.361328,109.309998
493,1032,62,6213022,RS Umum Daerah Puruk Cahu,"Jl. A. Yani No. 497, Puruk Cahu",KALIMANTAN TENGAH,Rumah Sakit,-1.681489,113.382355
494,1033,62,6212020,RS Umum Daerah Tamiang Layang,Jl. Nansarunai Tamiang Layang No. 62,KALIMANTAN TENGAH,Rumah Sakit,-1.681489,113.382355
495,1034,62,6211026,RS Umum Daerah Kuala Kurun,    Jl. Jend. A. Yani No.43 Kuala Kurun Kalimantan Tengah,KALIMANTAN TENGAH,Rumah Sakit,-1.681486,113.382355
496,1035,62,6210015,RS Umum Daerah Pulang Pisau,Jl. W.A.D Duha Komplek Perkantoran Kab. Pulang Pisau  Provinsi Kalimantan Tengah,KALIMANTAN TENGAH,Rumah Sakit,-1.681489,113.382355
497,1036,62,6208014,RS Umum Daerah Kuala Pembuang,"  Jl. A.Yani No.30,Kuala Pembuang",KALIMANTAN TENGAH,Rumah Sakit,-2.529681,112.95619199999999
498,1037,62,6207033,RS Umum Daerah Sukamara," Jl. Tjilik Riwut Km 5,5 Nomor 35 Sukamara   ",KALIMANTAN TENGAH,Rumah Sakit,-2.7166669999999997,111.183334
499,1038,62,6207012,RS Umum Daerah Lamandau,  JL. TRANS KALIMANTAN KM.4,KALIMANTAN TENGAH,Rumah Sakit,-1.681489,113.382355
500,1039,62,6205011,RS Umum Daerah Muara Teweh,   Jl. Yetro Sinseng Muara Teweh,KALIMANTAN TENGAH,Rumah Sakit,-1.433333,114.449997
501,1040,62,6203015,RS Umum Daerah Dr H Soemarno S,   Jl. Tambun Bungai  No. 16 Kuala Kapuas,KALIMANTAN TENGAH,Rumah Sakit,-3.002806,114.39102199999999
502,1041,62,6201012,RS Umum Daerah Sultan Imanuddin,Jl. Sutan Syahrir No 17 Pangkalan Bun,KALIMANTAN TENGAH,Rumah Sakit,-1.681489,113.382355
503,1042,63,6372014,RS Umum Daerah Idaman Banjarbaru,Jl. Trikora No. 115 Gt. Manggis Banjarbaru,KALIMANTAN SELATAN,Rumah Sakit,-3.0926419999999997,115.28376000000002
504,1044,63,6371141,RS TNI-AU Tk.IV Syamsudin Noor,Jl. Hercules No. 17 Banjarbaru,KALIMANTAN SELATAN,Rumah Sakit,-3.395972,114.58508300000001
505,1047,63,6371072,RS Umum Daerah Dr. H. Moch. Ansari Saleh,"Jl Brigjend H. Hasan Basry No.1, Banjarmasin",KALIMANTAN SELATAN,Rumah Sakit,-3.395972,114.58508300000001
506,1051,63,6371013,RS Umum Daerah Ulin Banjarmasin,"Jl. Jen A Yani No.43, Banjarmasin Kalimantan Selatan",KALIMANTAN SELATAN,Rumah Sakit,-3.395972,114.58508300000001
507,1052,63,6311016,RS Umum Daerah Balangan,"Jl. Lingkar Timur Km.1,7 Paringin Kab.Balangan ",KALIMANTAN SELATAN,Rumah Sakit,-2.321589,112.74639099999999
508,1054,63,6309014,RS Umum Daerah H. Badaruddin Tanjung,Jl. Jaksa Agung Suprapto Tanjung,KALIMANTAN SELATAN,Rumah Sakit,-2.216361,115.436691
509,1055,63,6308013,RS Umum Daerah Pambalah Batung,Jl. Jenderal Basuki Rahmat No. 1 Amuntai,KALIMANTAN SELATAN,Rumah Sakit,-3.0926419999999997,115.28376000000002
510,1056,63,6307012,RS Umum Daerah H Damanhuri Barabai,        Jl. Murakata No. 4 Barabai,KALIMANTAN SELATAN,Rumah Sakit,-2.65225,115.33996599999999
511,1057,63,6306011,RS Umum Daerah Brigjed H. Hasan Basry Kandangan," Jalan Jenderal  Sudirman No.26A RT.01 RK.I Hamalau, Sungai Raya, Kab. Hulu Sungai Selatan",KALIMANTAN SELATAN,Rumah Sakit,-2.7789,115.264
512,1058,63,6305010,RS Umum Daerah Datu Sanggul Rantau,Jl. Brigjend H. Hasan Basry Rantau,KALIMANTAN SELATAN,Rumah Sakit,-3.6898940000000002,116.183205
513,1059,63,6304020,RS Umum Daerah H. Abdul Aziz Marabahan,"  Jl. Jend Sudirman No.10, RT. 13 RW. 001, Marabahan",KALIMANTAN SELATAN,Rumah Sakit,-0.789275,113.920998
514,1060,63,6304016,RS Jiwa Sambang Lihum,"Jl Gubernur Syarkawi KM.3,9 Kec.Gambut",KALIMANTAN SELATAN,Rumah Sakit,-0.789275,113.920998
515,1061,63,6303015,RS Umum Daerah Ratu Zalecha,Jl Menteri Empat Martapura Kabupaten Banjar Kalimantan Selatan,KALIMANTAN SELATAN,Rumah Sakit,-3.411597,114.8452
516,1062,63,6302014,RS Umum Daerah Kabupaten Kotabaru,Jl. Brigjend. H. Hasan Basri No.57 Kotabaru,KALIMANTAN SELATAN,Rumah Sakit,-3.0926419999999997,115.28376000000002
517,1063,63,6301013,RS Umum Daerah H. Boejasin Pelaihari,Jl. Hadji Boejasin No.68 Kab. Tanah Laut,KALIMANTAN SELATAN,Rumah Sakit,3.354681,117.596542
518,1064,64,6474032,RS Umum Daerah Taman Husada,Jl. S. Parman No. 01,KALIMANTAN TIMUR,Rumah Sakit,0.135597,117.49859599999999
519,1067,64,6472118,RS Umum Daerah Inche Abdoel Moeis,"Jl. H.A.M.M Rifaddin, Kel. Harapan Baru, Kec. Loa Janan Ilir, Samarinda ",KALIMANTAN TIMUR,Rumah Sakit,-0.5035890000000001,117.156502
520,1070,64,6472063,RS Jiwa Atma Husada Mahakam,Jl. Kakap No.23 Samarinda,KALIMANTAN TIMUR,Rumah Sakit,-0.502183,117.153801
521,1073,64,6472015,RS Umum Daerah Abdul Wahab Sjahranie,"Jl. Dr. Soetomo, Samarinda",KALIMANTAN TIMUR,Rumah Sakit,-0.502183,117.153801
522,1074,64,6471073,RS Bhayangkara Balikpapan,Jl. Jend Sudirman No. 14 Kel Prapatan,KALIMANTAN TIMUR,Rumah Sakit,-1.2653860000000001,116.8312
523,1075,64,6471062,RS Bersalin Sayang Ibu Balikpapan,"Jl. Wain No.33,Kebun Sayur,Balikpapan",KALIMANTAN TIMUR,Rumah Sakit,-1.2653860000000001,116.8312
524,1076,64,6471051,RS Restu Ibu,Jl. Jend A.Yani No. 12 Balikpapan Kalimantan Timur,KALIMANTAN TIMUR,Rumah Sakit,-1.271531,116.836998
525,1077,64,6471036,RS Tk.II Dr R Hardjanto,Jl. Tanjungpura VI Balikpapan,KALIMANTAN TIMUR,Rumah Sakit,-1.269889,116.858002
526,1079,64,6471014,RS Umum Daerah Dr. Kanujoso Djatiwibowo,   Jl. M.T. Haryono Ring Road Balikpapan No.656,KALIMANTAN TIMUR,Rumah Sakit,-1.283331,116.833
527,1080,64,6409036,RS Umum Daerah Ratu Aji Putri Botung,Jl Propinsi KM 9 Kab. Penajam Paser Utara,KALIMANTAN TIMUR,Rumah Sakit,1.6406310000000002,116.41938799999998
528,1081,64,6405011,RS Umum Daerah Dr. Abdul Rivai,Jl. Pulau Panjang No.276 Tanjung Redeb,KALIMANTAN TIMUR,Rumah Sakit,2.162331,117.696205
529,1082,64,6404032,RS Umum Daerah Kudungga,Jl. Soekarno Hatta No.1 Sangatta Utara,KALIMANTAN TIMUR,Rumah Sakit,0.520861,117.435478
530,1083,64,6403052,RS Umum Daerah Aji Batara Agung Dewa Sakti,Jl Balikpapan - Handil II Samboja,KALIMANTAN TIMUR,Rumah Sakit,-0.8967219999999999,116.93710300000001
531,1084,64,6403015,RS Umum Daerah Aji Muhammad Parikesit,Jl. Ratu Agung No. 1 Tenggarong Seberang,KALIMANTAN TIMUR,Rumah Sakit,-0.417325,116.9814
532,1085,64,6402041,RS Umum Daerah Harapan Insan Sendawar,"Jl. Mawar, Kampung Sekolaq Joleq, Kecamatan Sekolaq Darat",KALIMANTAN TIMUR,Rumah Sakit,-0.417325,116.9814
533,1086,64,6401014,RS Umum Daerah Panglima Sebaya,Jl. Kusuma Bangsa KM.5 Tanah Grogot,KALIMANTAN TIMUR,Rumah Sakit,-1.9713470000000002,116.228798
534,1087,71,7174035,RS Umum Daerah Kota Kotamobagu,Kelurahan Pobundayan Kecamatan Kotamobagu Selatan ,SULAWESI UTARA,Rumah Sakit,0.7343390000000001,124.30891399999999
535,1091,71,7172036,RS Umum Bitung,Jl. S. H. Sarundajang Kel. Manembo-nembo Tengah Kec. Matuari,SULAWESI UTARA,Rumah Sakit,1.4553530000000001,125.204697
536,1099,71,7171024,RS TK.Teling Manado,Jl. 14 Februari Telling Atas Manado,SULAWESI UTARA,Rumah Sakit,1.465019,124.850998
537,1100,71,7171013,RSUP Prof. Dr. R. D. Kandou,"                 Jl. Raya Tanawangko No.56, Manado",SULAWESI UTARA,Rumah Sakit,1.4931,124.841003
538,1101,71,7109028,RSU Ratatotok - Buyat,   JL. J.W. Lasut Ratatotok II Kecamatan Ratatotok,SULAWESI UTARA,Rumah Sakit,1.180311,124.846977
539,1102,71,7106018,RS Umum Daerah Maria Walanda Maramis, Jl. Prof. Arnold Mononutu - Kel.Sarongsong II - Airmadidi,SULAWESI UTARA,Rumah Sakit,1.4104079999999999,124.97256499999999
540,1105,71,7104027,RS Bergerak Kab.Kep.Talaud,  Jl Raya Taturan - Gemeh Kecamatan Gemeh Kabupaten Kepulauan Talaud,SULAWESI UTARA,Rumah Sakit,4.092,126.76799799999999
541,1106,71,7103026,RS Bergerak Kab.Kep.Sitaro,"Kampung Sawang Kec, Siau timur selatan",SULAWESI UTARA,Rumah Sakit,0.624692,123.97500600000001
542,1111,71,7102014,RS Umum Dr.Sam Ratulangi,  Jl. Suprapto Luaan Tondano timur,SULAWESI UTARA,Rumah Sakit,1.153392,124.81826000000001
543,1112,71,7101013,RS Umum Datoe Binangkang,Jl. Trans Sulawesi Desa Lolak II Kec. Lolak Sulawesi Utara,SULAWESI UTARA,Rumah Sakit,0.739658,124.31205700000001
544,1113,72,7271127,RS Bhayangkara Palu,   Jl. DR. Suharso Lrg III No. 2 Palu,SULAWESI TENGAH,Rumah Sakit,-0.898583,119.850601
545,1115,72,7271095,RS Budi Agung Palu,Jl. Maluku No. 44 Palu,SULAWESI TENGAH,Rumah Sakit,-0.9073690000000001,119.87359599999999
546,1117,72,7271051,RS Umum Daerah Madani Palu,Jl. Thalua Kontji No. 11  Mamboro Palu,SULAWESI TENGAH,Rumah Sakit,-0.8064720000000001,119.878677
547,1119,72,7271036,RS Umum Anutapura Palu,Jl. Kangkung No. 1 Palu,SULAWESI TENGAH,Rumah Sakit,-0.898583,119.850601
548,1120,72,7271025,RS TK.IV Wirabuana Palu,"Jl. Sisinga Mangaraja No.4,Palu",SULAWESI TENGAH,Rumah Sakit,-0.895603,119.887375
549,1121,72,7271014,RS Umum Daerah Undata Palu,"Jl. R. E. Martadinata, Tondo Kecamatan Mantikulore",SULAWESI TENGAH,Rumah Sakit,-0.886883,119.86716499999999
550,1122,72,7209032,RS Umum Daerah Ampana, Jl. St Hasanudin No. 32 Ampana,SULAWESI TENGAH,Rumah Sakit,-0.867983,121.5858
551,1123,72,7208011,RS Umum Daerah Anuntaloko Parigi, Jl. Sis Al Jufri No.214 Parigi Moutong,SULAWESI TENGAH,Rumah Sakit,-0.846275,120.17971000000001
552,1124,72,7207013,RS Umum Daerah Buol, Jln. DR. Wahidin Sudirohusodo No.12 Kel. Leok II  Kec. Biau,SULAWESI TENGAH,Rumah Sakit,1.160725,121.42720800000001
553,1125,72,7206012,RS Umum Mokopido Toli-Toli," Jl. Lanoni No.37 Kel Baru Kec Baolan kab Toli-Toli, Sulteng",SULAWESI TENGAH,Rumah Sakit,1.033333,120.816666
554,1126,72,7205022,RS Umum Daerah Kabelota,  Jl. Trans Palu - Donggala Kabonga Besar,SULAWESI TENGAH,Rumah Sakit,-1.183542,119.974052
555,1128,72,7204021,RS Umum Daerah Kolonedale,  Jl. W Monginsidi 2 Kolonedale,SULAWESI TENGAH,Rumah Sakit,-1.247158,122.68801100000002
556,1129,72,7204010,RS Umum Daerah Poso,Jl. Jenderal Sudirman No.33  Kel Kasintuwu Poso,SULAWESI TENGAH,Rumah Sakit,-0.2,113.5
557,1130,72,7203016,RS Umum Daerah Morowali,  Jl. Trans Sulawesi Fonuasingko Bungku,SULAWESI TENGAH,Rumah Sakit,-2.169122,121.35416399999998
558,1131,72,7202015,RS Umum Daerah Kabupaten Banggai, Jl. Imam Bonjol KM 3 No. 14 Luwuk,SULAWESI TENGAH,Rumah Sakit,-0.9348190000000001,122.82256299999999
559,1132,72,7201011,RS Umum Daerah Banggai,  Jl. KM 7.Adean Kabupaten Banggai Laut,SULAWESI TENGAH,Rumah Sakit,-1.602811,123.54780600000001
560,1133,74,7472016,RS Umum Daerah Kota Bau Bau,Jl. Drs. H. La Ode Manarfa,SULAWESI TENGGARA,Rumah Sakit,-5.309636,122.988831
561,1136,74,7471092,RS Umum Daerah Kota Kendari, Jl. Z.A. Sugianto No. 39 Kendari,SULAWESI TENGGARA,Rumah Sakit,-3.967489,122.59470400000001
562,1139,74,7471066,RS Jiwa Kendari, Jl. DR.Sutomo No.29,SULAWESI TENGGARA,Rumah Sakit,-3.9604809999999997,122.509216
563,1142,74,7408013,RS Umum Daerah Kab.Konawe Utara," Jl. Poros Kendari-Asera, Desa Lahimbua, kec. Andowia, Kab. Konawe Utara",SULAWESI TENGGARA,Rumah Sakit,-3.280278,121.83776100000001
564,1143,74,7407012,RS Umum Daerah Kabupaten Wakatobi,"Jl. Utudae Samad Kel. Mandati III, Kec. Wangi - Wangi Selatan",SULAWESI TENGGARA,Rumah Sakit,-5.329664,123.590286
565,1144,74,7406036,RS Umum Daerah Kabupaten Bombana,   Jl. Poros Poea Kel.Poea Kec. Rumbia Tengah,SULAWESI TENGGARA,Rumah Sakit,-4.688628,121.79711200000001
566,1145,74,7404034,RS Umum Daerah H.M.Djafar Harun,"Jl. Trans Sulawesi Lasusua, Kolaka",SULAWESI TENGGARA,Rumah Sakit,-4.02135,121.512695
567,1146,74,7404023,RS Antam Nikel Pomalaa,Jl. R.Suprapto Pomalaa Kab.Kolaka,SULAWESI TENGGARA,Rumah Sakit,-4.020736,121.51184099999999
568,1147,74,7404012,RS Benyamin Guluh Kolaka,Jl. DR.Sutomo  No. 01 Kolaka,SULAWESI TENGGARA,Rumah Sakit,-4.020736,121.51184099999999
569,1149,74,7403022,RS Umum Daerah Konawe,"Jl. Pangeran Diponegoro No.301, Konawe",SULAWESI TENGGARA,Rumah Sakit,-3.9681830000000002,122.572235
570,1150,74,7402010,RS Umum Daerah Raha,Jl. Ahmad yani raha no 10 Raha,SULAWESI TENGGARA,Rumah Sakit,-4.901628,122.627747
571,1151,74,7401038,RS Umum Daerah Kabupaten Buton, Jl. Protokol Laburunce  KEc. pasarwajo,SULAWESI TENGGARA,Rumah Sakit,-5.309636,122.988831
572,1152,75,7571010,RS Umum Daerah Prof Dr. H. Aloei Saboe,Jl. Prof. Dr. H. Aloei Saboe,GORONTALO,Rumah Sakit,0.5552,123.08577
573,1153,75,7503045,RS Umum Daerah Bumi Panua,Jl. dr. Herizal Umar Desa Botubilotahu Kec. Marisa,GORONTALO,Rumah Sakit,0.5176470000000001,121.73288000000001
574,1154,75,7502033,RS Umum Daerah dr. M. Mohammad Dunda,Jl. Achmad A. Wahab (eks Ahmad Yani No. 53) Limboto Gorontalo,GORONTALO,Rumah Sakit,0.701342,122.26538799999999
575,1155,75,7502032,RS Umum Daerah Otanaha,"  Jl. Rambutan No. 412 Kel.Buladu, Kota Gorontalo",GORONTALO,Rumah Sakit,0.552511,123.065498
576,1157,75,7501043,RS Umum Daerah Tani dan Nelayan," Jln. Prof. Dr. Aloei Saboe, Desa Lamu Kec.Tilamuta,Kab.Boalemo",GORONTALO,Rumah Sakit,0.701342,122.26538799999999
577,1159,76,7604012,RS Umum Daerah Kabupaten Mamuju,  Jl. Kurungan Bassi Mamuju,SULAWESI BARAT,Rumah Sakit,-2.699189,118.86211399999999
578,1161,76,7602044,RS Umum Daerah Polewali,   Jl. Dr Ratulangi No. 50 Polewali,SULAWESI BARAT,Rumah Sakit,-3.3886,119.220467
579,1167,81,8171063,RSKD Provinsi Maluku,Jl. Laksdya Leo Wattimena Ambon,MALUKU,Rumah Sakit,-3.656069,128.166412
580,1171,81,8171015,RS Umum Dr. M. Haulussy Ambon,Jl. dr. Kayadoe Ambon,MALUKU,Rumah Sakit,-3.706894,128.162598
581,1172,81,8109018,RS Umum Daerah Namrole,"Jl. Kilometer No. 02, Labuang - Namrole",MALUKU,Rumah Sakit,-4.006631,122.49886299999999
582,1173,81,8107021,RS Umum Daerah Kab. Seram Bagian Timur,Jl. Wailola No.11-12 Bula Kab. Seram BagianTimur,MALUKU,Rumah Sakit,-3.109681,130.498505
583,1174,81,8106010,RS Umum Piru,Jl. Arteri Piru,MALUKU,Rumah Sakit,-3.238461,130.14527900000002
584,1175,81,8103053,RS Umum Daerah dr. Ishak Umarella,Jl. Pahlawan No. 36 Tulehu,MALUKU,Rumah Sakit,-3.701189,128.16499299999998
585,1176,81,8103042,RS Umum Masohi,Jl. Dr. G. A. Siwabessy Masohi,MALUKU,Rumah Sakit,-5.15,132.016663
586,1177,81,8103020,RS Umum Namlea,Jl. Butung Leong No. 1 Desa Lala Kab.Buru,MALUKU,Rumah Sakit,-3.233397,127.085899
587,1178,81,8103016,RS Umum Saparua, Jl. Rumah Sakit Porto Haria Kecamatan Saparua,MALUKU,Rumah Sakit,-3.57405,128.654449
588,1179,81,8101063,RS Umum Daerah Dr. P. P. Magretti Saumlaki,Jl. Mr. Latuharhari - Saumlaki,MALUKU,Rumah Sakit,-8.730128,120.737785
589,1187,82,8271016,RS Umum Daerah Dr. H. Chasan Boesoirie Ternate,Jl. Cempaka Kel. Tanah Tinggi Kota Ternate,MALUKU UTARA,Rumah Sakit,0.788067,127.377159
590,1188,82,8206012,RS Umum Daerah Maba,Jl. Trans Halmahera Kec. Kota Maba,MALUKU UTARA,Rumah Sakit,0.6,127.86666899999999
591,1189,82,8205032,RS Umum Daerah Kab. Pulau Morotai,Jl. Nakamura Desa Dehegila Kecamatan Morotai Selatan,MALUKU UTARA,Rumah Sakit,2.287261,128.514313
592,1190,82,8205021,RS Umum Daerah Weda,"JL. Raya Weda, Desa Wedana",MALUKU UTARA,Rumah Sakit,0.6246079999999999,127.917351
593,1191,82,8204010,RS Umum Daerah Labuha,Jl.  Raya Labuha-Babang,MALUKU UTARA,Rumah Sakit,-0.63125,127.467529
594,1192,82,8203020,RS Umum Daerah Sanana,Jl. Dr. Sibarani - Desa Falahu Kecamatan Sanana Kabupaten Kep. Sula,MALUKU UTARA,Rumah Sakit,-2.2337,125.936996
595,1193,82,8202043,RS Umum Daerah Kota Tidore Kepulauan,Jl. Sultan mansyur No 11 Indonesiana Tidore Maluku Utara,MALUKU UTARA,Rumah Sakit,0.683333,127.400002
596,1194,82,8201021,RS Umum Daerah Jailolo,"Jl.Ir. Soekarno Ds. Acango-Jailolo,Halmahera Barat",MALUKU UTARA,Rumah Sakit,1.070792,127.465202
597,1195,82,8201010,RS Umum Daerah Tobelo,Jl. Lanbouw Gamsungi Tobelo Halmahera Utara,MALUKU UTARA,Rumah Sakit,0.6,127.86666899999999
598,1197,91,9102033,RS AL dr. Azhar Zahir Manokwari,Jl. Serma Suwandi No. 01 Manokwari,PAPUA BARAT,Rumah Sakit,-0.8615219999999999,134.07879599999998
599,1201,91,9101010,RS Umum Daerah Fakfak,Jl. Jend Sudirman Fak Fak,PAPUA BARAT,Rumah Sakit,-2.939964,132.297501
600,1202,94,9271078,RS Umum Daerah Yowari Sentani,"    Jl. Raya Sentani - Depapre,Doyo Baru",PAPUA,Rumah Sakit,-2.5412779999999997,140.71373
601,1203,94,9271067,RS Bhayangkara Jayapura,"Jl. Jeruk Nipis Furia Kotaraja,Jayapura",PAPUA,Rumah Sakit,-2.5412779999999997,140.71373
602,1205,94,9271045,RS Jiwa Abepura,"   Jl. Kesehatan II Abepura, Kota Jayapura",PAPUA,Rumah Sakit,-2.606119,140.669006
603,1206,94,9271023,RS Umum Abepura," Jl. Kesehatan No. I Abepura, jayapura",PAPUA,Rumah Sakit,-2.5412779999999997,140.71373
604,1207,94,9271012,RS Umum Jayapura, Jl. Kesehatan I No. 01 Dok II Jayapura,PAPUA,Rumah Sakit,-2.5412779999999997,140.71373
605,1208,94,9220043,RS Umum Daerah Kwaingga Kabupaten Keerom,"    Jl. Bhayangkara,Kp. Asyaman,Distrik Arso,Kab.Keerom",PAPUA,Rumah Sakit,-4.354503,139.36531100000002
606,1209,94,9217013,RS Umum Daerah Oksibil, jl. Poros Kabiding No. 2 Oksibil,PAPUA,Rumah Sakit,-5.080178,140.635803
607,1210,94,9214012,RS Umum Daerah Kabupaten Mappi,"Jl. Poros Agham Km.6, Kelurahan Kepi, Distrik Obaa, Kabupaten Mappi",PAPUA,Rumah Sakit,-7.076362,139.397049
608,1211,94,9213038,RS Bergerak Kabupaten Boven Digoel,Distrik Mindiptana,PAPUA,Rumah Sakit,-6.0833330000000005,140.28333999999998
609,1212,94,9212011,RS Umum Daerah Kabupaten Mimika, Jl. Yos Sudarso Kab. Mimika,PAPUA,Rumah Sakit,-4.354503,139.36531100000002
610,1216,94,9205015,RS Umum Biak, Jl. Sriwijaya Ridge I Biak,PAPUA,Rumah Sakit,-1.1614389999999999,136.047424
611,1218,94,9202023,RS Umum Daerah Paniai," Jl. Raya Madi KM.7,Paniai Timur",PAPUA,Rumah Sakit,-4.354503,139.36531100000002
612,1219,94,9202013,RS Umum Wamena,"Jl. Trikora Wamena, No.9",PAPUA,Rumah Sakit,-4.098333,138.95166
613,1220,94,9202012,RS Umum Nabire,"  Jl. R.E Martadinata Nabire, Papua",PAPUA,Rumah Sakit,-3.3584169999999998,135.495697
614,1221,94,9201012,RS Umum Merauke,      Jl. Sukarjowirjopranoto No. 1 Merauke,PAPUA,Rumah Sakit,-8.495994,140.394501
